,datetime,id,title,score,subreddit,num_comments,link_flair_text,created,pct_mention,NumberOfMentions,NumberOfComments
0,2020-12-31 19:00:14,kno2o3,"Daily Discussion Thread for December 31, 2020",275,wallstreetbets,17803,Daily Discussion,1609441214.0,0.06948968512486428,64,921
1,2021-01-01 05:00:20,knxz7s,"What Are Your Moves Tomorrow, January 01, 2021",236,wallstreetbets,10915,Daily Discussion,1609477220.0,0.02306805074971165,20,867
2,2021-01-01 19:00:16,ko9i5u,"Daily Discussion Thread for January 01, 2021",112,wallstreetbets,5186,Daily Discussion,1609527616.0,0.014880952380952382,10,672
3,2021-01-04 05:00:18,kpsy0b,"What Are Your Moves Tomorrow, January 04, 2021",350,wallstreetbets,15883,Daily Discussion,1609736418.0,0.03128491620111732,28,895
4,2021-01-04 19:00:19,kq6j3j,"Daily Discussion Thread for January 04, 2021",396,wallstreetbets,24954,Daily Discussion,1609786819.0,0.055005500550055014,50,909
5,2021-01-05 05:00:16,kqhtg5,"What Are Your Moves Tomorrow, January 05, 2021",476,wallstreetbets,17826,Daily Discussion,1609822816.0,0.03745743473325766,33,881
6,2021-01-05 19:00:20,kqw962,"Daily Discussion Thread for January 05, 2021",369,wallstreetbets,20109,Daily Discussion,1609873220.0,0.04695837780149413,44,937
7,2021-01-06 05:00:25,kr7ofm,"What Are Your Moves Tomorrow, January 06, 2021",498,wallstreetbets,32356,Daily Discussion,1609909225.0,0.008492569002123142,8,942
8,2021-01-06 19:00:13,krlpdb,"Daily Discussion Thread for January 06, 2021",415,wallstreetbets,31970,Daily Discussion,1609959613.0,0.048936170212765966,46,940
9,2021-01-07 05:00:14,krx2od,"What Are Your Moves Tomorrow, January 07, 2021",379,wallstreetbets,21190,Daily Discussion,1609995614.0,0.008556149732620321,8,935
10,2021-01-07 19:00:15,ksb2ks,"Daily Discussion Thread for January 07, 2021",349,wallstreetbets,27325,Daily Discussion,1610046015.0,0.042735042735042736,40,936
11,2021-01-08 05:00:15,ksmmx6,"What Are Your Moves Tomorrow, January 08, 2021",352,wallstreetbets,24670,Daily Discussion,1610082015.0,0.019672131147540985,18,915
12,2021-01-08 19:00:24,kt0a9h,"Daily Discussion Thread for January 08, 2021",374,wallstreetbets,30894,Daily Discussion,1610132424.0,0.010775862068965518,10,928
13,2021-01-11 05:00:17,kumvk6,"What Are Your Moves Tomorrow, January 11, 2021",481,wallstreetbets,22840,Daily Discussion,1610341217.0,0.008639308855291577,8,926
14,2021-01-11 19:00:12,kv0ij6,"Daily Discussion Thread for January 11, 2021",410,wallstreetbets,29787,Daily Discussion,1610391612.0,0.16084656084656085,152,945
15,2021-01-12 05:00:18,kvbz8z,"What Are Your Moves Tomorrow, January 12, 2021",371,wallstreetbets,23597,Daily Discussion,1610427618.0,0.025,23,920
16,2021-01-12 19:00:16,kvpl3x,"Daily Discussion Thread for January 12, 2021",351,wallstreetbets,27011,Daily Discussion,1610478016.0,0.02280130293159609,21,921
17,2021-01-13 05:00:18,kw0lin,"What Are Your Moves Tomorrow, January 13, 2021",459,wallstreetbets,23378,Daily Discussion,1610514018.0,0.017837235228539576,16,897
18,2021-01-13 19:00:16,kwe7q7,"Daily Discussion Thread for January 13, 2021",634,wallstreetbets,39431,Daily Discussion,1610564416.0,0.5596620908130939,530,947
19,2021-01-14 05:00:14,kwps6l,"What Are Your Moves Tomorrow, January 14, 2021",624,wallstreetbets,27098,Daily Discussion,1610600414.0,0.4206521739130435,387,920
20,2021-01-14 19:00:18,kx3ja5,"Daily Discussion Thread for January 14, 2021",900,wallstreetbets,45983,Daily Discussion,1610650818.0,0.6957470010905126,638,917
21,2021-01-15 05:00:16,kxenqf,"What Are Your Moves Tomorrow, January 15, 2021",852,wallstreetbets,39682,Daily Discussion,1610686816.0,0.3947368421052632,360,912
22,2021-01-15 19:00:14,kxsd2p,"Daily Discussion Thread for January 15, 2021",899,wallstreetbets,49768,Daily Discussion,1610737214.0,0.6434689507494646,601,934
23,2021-01-18 05:00:24,kzevv4,"What Are Your Moves Tomorrow, January 18, 2021",465,wallstreetbets,15200,Daily Discussion,1610946024.0,0.2045977011494253,178,870
24,2021-01-18 19:00:22,kzsjo9,"Daily Discussion Thread for January 18, 2021",319,wallstreetbets,12180,Daily Discussion,1610996422.0,0.23976608187134504,205,855
25,2021-01-19 05:00:17,l03p3x,"What Are Your Moves Tomorrow, January 19, 2021",735,wallstreetbets,23697,Daily Discussion,1611032417.0,0.2812846068660022,254,903
26,2021-01-19 19:00:21,l0hnrw,"Daily Discussion Thread for January 19, 2021",597,wallstreetbets,23682,Daily Discussion,1611082821.0,0.03821656050955414,36,942
27,2021-01-20 05:00:14,l0t44g,"What Are Your Moves Tomorrow, January 20, 2021",748,wallstreetbets,24078,Daily Discussion,1611118814.0,0.1109865470852018,99,892
28,2021-01-20 19:00:13,l170g4,"Daily Discussion Thread for January 20, 2021",595,wallstreetbets,28983,Daily Discussion,1611169213.0,0.05882352941176471,55,935
29,2021-01-21 05:00:17,l1if69,"What Are Your Moves Tomorrow, January 21, 2021",651,wallstreetbets,23447,Daily Discussion,1611205217.0,0.04342984409799554,39,898
30,2021-01-21 19:00:13,l1wbdr,"Daily Discussion Thread for January 21, 2021",518,wallstreetbets,23555,Daily Discussion,1611255613.0,0.01713062098501071,16,934
31,2021-01-22 05:00:15,l27ngc,"What Are Your Moves Tomorrow, January 22, 2021",831,wallstreetbets,25964,Daily Discussion,1611291615.0,0.2357373519913886,219,929
32,2021-01-22 19:00:15,l2lfqs,"Daily Discussion Thread for January 22, 2021",902,wallstreetbets,32743,Daily Discussion,1611342015.0,0.11610878661087864,111,956
33,2021-01-25 05:00:18,l47hgm,"What Are Your Moves Tomorrow, January 25, 2021",1795,wallstreetbets,38241,Daily Discussion,1611550818.0,0.4393939393939394,406,924
34,2021-01-25 19:00:19,l4lopq,"Daily Discussion Thread for January 25, 2021",2398,wallstreetbets,57838,Daily Discussion,1611601219.0,0.12795698924731186,119,930
35,2021-01-26 05:00:18,l4xeyo,"What Are Your Moves Tomorrow, January 26, 2021",2947,wallstreetbets,44364,Daily Discussion,1611637218.0,0.3059210526315789,279,912
36,2021-01-26 19:00:13,l5brzz,"Daily Discussion Thread for January 26, 2021",2441,wallstreetbets,48432,Daily Discussion,1611687613.0,0.07958115183246073,76,955
37,2021-01-28 03:39:07,l6ci5r,"Daily Discussion Thread for January 27, 2021 - Part III",3220,wallstreetbets,31312,Daily Discussion,1611805147.0,0.2350835322195704,197,838
38,2021-01-28 05:00:11,l6ea1b,"What Are Your Moves Tomorrow, January 28, 2021",17613,wallstreetbets,98054,Daily Discussion,1611810011.0,0.4063205417607224,180,443
39,2021-01-28 19:00:15,l6u011,"Daily Discussion Thread for January 28, 2021",8161,wallstreetbets,90386,Daily Discussion,1611860415.0,0.2934272300469484,125,426
40,2021-01-28 22:32:22,l6y2hy,"Daily Discussion Thread, Part 2, for January 28, 2021",8519,wallstreetbets,86452,Daily Discussion,1611873142.0,0.14757709251101322,67,454
41,2021-01-29 00:08:15,l70sjp,"Daily Discussion Thread Part 3 for January 28, 2021",9581,wallstreetbets,67713,Daily Discussion,1611878895.0,0.18907563025210086,180,952
42,2021-01-29 02:10:44,l747hb,"Daily Discussion Thread Part 4 for January 28, 2021",9035,wallstreetbets,60094,Daily Discussion,1611886244.0,0.386117136659436,356,922
43,2021-01-29 05:00:22,l78od1,"What Are Your Moves Tomorrow, January 29, 2021",2179,wallstreetbets,8846,Daily Discussion,1611896422.0,0.3257661748013621,287,881
44,2021-01-29 05:11:26,l78za1,"Daily Discussion Thread Part 5 for January 28, 2021",9670,wallstreetbets,71816,Daily Discussion,1611897086.0,0.27801724137931033,258,928
45,2021-01-29 09:05:08,l7ept4,"Daily Discussion Thread Part 6 for January 28, 2021",10893,wallstreetbets,66791,Daily Discussion,1611911108.0,0.3120260021668472,288,923
46,2021-01-29 13:31:35,l7kfrj,"Daily Discussion Thread Part 7 for January 28, 2021",6556,wallstreetbets,37309,Daily Discussion,1611927095.0,0.32365591397849464,301,930
47,2021-01-29 19:00:15,l7ptxi,"Daily Discussion Thread for January 29, 2021",13274,wallstreetbets,85238,Daily Discussion,1611946815.0,0.3183760683760684,149,468
48,2021-01-30 00:23:51,l7wqsm,"Daily Discussion Thread for January 29, 2021 - Pt. II",7793,wallstreetbets,79758,Daily Discussion,1611966231.0,0.2188183807439825,100,457
49,2021-01-30 02:50:37,l80n2u,Daily Discussion Thread for $AMC,635,wallstreetbets,1449,Daily Discussion,1611975037.0,0.06506024096385543,27,415
50,2021-01-30 02:58:50,l80upw,"Daily Discussion Thread for January 29, 2021 - Part thREEEEEE",7560,wallstreetbets,53780,Daily Discussion,1611975530.0,0.25556733828207845,241,943
51,2021-02-01 05:00:22,l9lvrn,"What Are Your Moves Tomorrow, February 01, 2021",12921,wallstreetbets,62084,Daily Discussion,1612155622.0,0.4200661521499449,381,907
52,2021-02-01 19:00:15,la0n4z,"Daily Discussion Thread for February 01, 2021",8683,wallstreetbets,72154,Daily Discussion,1612206015.0,0.3224446786090622,306,949
53,2021-02-02 00:28:05,la75n9,"Daily Discussion Thread #2 for February 1, 2021",6832,wallstreetbets,46603,Daily Discussion,1612225685.0,0.3223404255319149,303,940
54,2021-02-02 05:00:20,ladzdt,"What Are Your Moves Tomorrow, February 02, 2021",13848,wallstreetbets,97856,Daily Discussion,1612242020.0,0.3906420021762786,359,919
55,2021-02-02 19:00:23,lat43j,"Daily Discussion Thread for February 02, 2021",7396,wallstreetbets,68444,Daily Discussion,1612292423.0,0.24148936170212765,227,940
56,2021-02-02 23:56:21,layuxv,"Daily Discussion Thread for February 02, 2021: Part 2",8621,wallstreetbets,75551,Daily Discussion,1612310181.0,0.3124335812964931,294,941
57,2021-02-03 05:00:18,lb6aiq,"What Are Your Moves Tomorrow, February 03, 2021",11600,wallstreetbets,77492,Daily Discussion,1612328418.0,0.2846153846153846,259,910
58,2021-02-03 05:00:55,lb6b3e,"Daily Discussion Thread for February 02, 2021: Part 3",295,wallstreetbets,1836,Daily Discussion,1612328455.0,0.1783166904422254,125,701
59,2021-02-03 19:00:10,lbl62i,"Daily Discussion Thread for February 03, 2021",7491,wallstreetbets,61190,Daily Discussion,1612378810.0,0.13727560718057022,130,947
60,2021-02-04 05:00:19,lby4jj,"What Are Your Moves Tomorrow, February 04, 2021",7417,wallstreetbets,45823,Daily Discussion,1612414819.0,0.14076576576576574,125,888
61,2021-02-05 05:06:35,lcq65y,"What Are Your Moves Tomorrow, February 05, 2021",5267,wallstreetbets,36438,Daily Discussion,1612501595.0,0.16103603603603606,143,888
62,2021-02-09 05:00:23,lflpoz,"What Are Your Moves Tomorrow, February 09, 2021",2342,wallstreetbets,27125,Daily Discussion,1612846823.0,0.06363636363636363,56,880
63,2021-02-09 19:00:15,lg0h70,"Daily Discussion Thread for February 09, 2021",1552,wallstreetbets,36854,Daily Discussion,1612897215.0,0.047866805411030174,46,961
64,2021-02-10 19:00:14,lgrc39,"Daily Discussion Thread for February 10, 2021",1943,wallstreetbets,58225,Daily Discussion,1612983614.0,0.02346938775510204,23,980
65,2021-02-11 05:00:15,lh3qli,"What Are Your Moves Tomorrow, February 11, 2021",3671,wallstreetbets,54855,Daily Discussion,1613019615.0,0.04680851063829787,44,940
66,2021-02-11 19:00:23,lhifig,"Daily Discussion Thread for February 11, 2021",2299,wallstreetbets,71457,Daily Discussion,1613070023.0,0.05252317198764162,51,971
67,2021-02-12 05:00:23,lhumfo,"What Are Your Moves Tomorrow, February 12, 2021",2127,wallstreetbets,41306,Daily Discussion,1613106023.0,0.06263982102908278,56,894
68,2021-02-12 19:00:24,li8ul6,"Daily Discussion Thread for February 12, 2021",1405,wallstreetbets,42739,Daily Discussion,1613156424.0,0.09341825902335456,88,942
69,2021-02-15 05:00:17,ljx9by,"What Are Your Moves Tomorrow, February 15, 2021",183,wallstreetbets,1257,Daily Discussion,1613365217.0,0.07301587301587302,23,315
70,2021-02-15 19:00:21,lkbfl4,"Daily Discussion Thread for February 15, 2021",278,wallstreetbets,2483,Daily Discussion,1613415621.0,0.05555555555555555,21,378
71,2021-02-16 05:00:24,lkn19o,"What Are Your Moves Tomorrow, February 16, 2021",1458,wallstreetbets,22480,Daily Discussion,1613451624.0,0.02328159645232816,21,902
72,2021-02-16 19:00:18,ll1ir4,"Daily Discussion Thread for February 16, 2021",1169,wallstreetbets,32831,Daily Discussion,1613502018.0,0.018027571580063628,17,943
73,2021-02-18 05:00:18,lm4k2z,"What Are Your Moves Tomorrow, February 18, 2021",1234,wallstreetbets,22588,Daily Discussion,1613624418.0,0.06956521739130435,64,920
74,2021-02-18 19:00:15,lmk8bq,"Daily Discussion Thread for February 18, 2021",1321,wallstreetbets,33245,Daily Discussion,1613674815.0,0.05274261603375528,50,948
75,2021-02-19 05:00:21,lmx3k3,"What Are Your Moves Tomorrow, February 19, 2021",1433,wallstreetbets,24305,Daily Discussion,1613710821.0,0.03448275862068965,31,899
76,2021-02-19 19:00:16,lnd8jo,"Daily Discussion Thread for February 19, 2021",1055,wallstreetbets,30901,Daily Discussion,1613761216.0,0.03112033195020747,30,964
77,2021-02-22 05:00:14,lp6i2q,"What Are Your Moves Tomorrow, February 22, 2021",1422,wallstreetbets,23156,Daily Discussion,1613970014.0,0.1989189189189189,184,925
78,2021-02-22 19:00:18,lplby9,"Daily Discussion Thread for February 22, 2021",989,wallstreetbets,28515,Daily Discussion,1614020418.0,0.02004219409282701,19,948
79,2021-02-23 05:00:13,lpzquu,"What Are Your Moves Tomorrow, February 23, 2021",1386,wallstreetbets,30004,Daily Discussion,1614056413.0,0.04103671706263499,38,926
80,2021-02-23 19:00:12,lqfr4s,"Daily Discussion Thread for February 23, 2021",1121,wallstreetbets,36823,Daily Discussion,1614106812.0,0.028154327424400417,27,959
81,2021-02-24 05:00:12,lqswtl,"What Are Your Moves Tomorrow, February 24, 2021",1070,wallstreetbets,24862,Daily Discussion,1614142812.0,0.02531645569620253,24,948
82,2021-02-24 19:00:22,lra5cg,"Daily Discussion Thread for February 24, 2021",1432,wallstreetbets,35004,Daily Discussion,1614193222.0,0.2286902286902287,220,962
83,2021-02-25 05:00:37,lrne7f,"What Are Your Moves Tomorrow, February 25, 2021",6060,wallstreetbets,56109,Daily Discussion,1614229237.0,0.42059145673603504,384,913
84,2021-02-25 19:00:14,ls42x6,"Daily Discussion Thread for February 25, 2021",3727,wallstreetbets,49014,Daily Discussion,1614279614.0,0.29157894736842105,277,950
85,2021-02-26 05:00:16,lsgrk1,"What Are Your Moves Tomorrow, February 26, 2021",3187,wallstreetbets,37456,Daily Discussion,1614315616.0,0.15250544662309368,140,918
86,2021-02-26 19:00:20,lsvesi,"Daily Discussion Thread for February 26, 2021",1913,wallstreetbets,32835,Daily Discussion,1614366020.0,0.0948905109489051,91,959
87,2021-03-03 05:00:18,lwce20,"What Are Your Moves Tomorrow, March 03, 2021",2206,wallstreetbets,37401,Daily Discussion,1614747618.0,0.11210191082802548,88,785
88,2021-03-03 19:00:14,lwr7oo,"Daily Discussion Thread for March 03, 2021",1496,wallstreetbets,41694,Daily Discussion,1614798014.0,0.06875,66,960
89,2021-03-04 05:00:21,lx47v2,"What Are Your Moves Tomorrow, March 04, 2021",1699,wallstreetbets,32331,Daily Discussion,1614834021.0,0.04751847940865892,45,947
90,2021-03-04 19:00:12,lxi05e,"Daily Discussion Thread for March 04, 2021",1391,wallstreetbets,43985,Daily Discussion,1614884412.0,0.08900523560209424,85,955
91,2021-03-05 05:00:17,lxva6s,"What Are Your Moves Tomorrow, March 05, 2021",1541,wallstreetbets,30861,Daily Discussion,1614920417.0,0.07792207792207792,72,924
92,2021-03-05 19:00:23,ly9gxp,"Daily Discussion Thread for March 05, 2021",1297,wallstreetbets,34296,Daily Discussion,1614970823.0,0.1044932079414838,100,957
93,2021-03-09 05:00:15,m0pyf9,"What Are Your Moves Tomorrow, March 09, 2021",1896,wallstreetbets,28181,Daily Discussion,1615266015.0,0.34162162162162163,316,925
94,2021-03-09 19:00:16,m144ua,"Daily Discussion Thread for March 09, 2021",1814,wallstreetbets,29686,Daily Discussion,1615316416.0,0.2325581395348837,220,946
95,2021-03-10 05:00:16,m1g6cf,"What Are Your Moves Tomorrow, March 10, 2021",2173,wallstreetbets,30663,Daily Discussion,1615352416.0,0.3478735005452563,319,917
96,2021-03-10 19:00:16,m1v1e6,"Daily Discussion Thread for March 10, 2021",2403,wallstreetbets,38857,Daily Discussion,1615402816.0,0.25344644750795337,239,943
97,2021-03-11 05:00:14,m28d30,"What Are Your Moves Tomorrow, March 11, 2021",2278,wallstreetbets,25309,Daily Discussion,1615438814.0,0.2788353863381859,249,893
98,2021-03-11 19:00:19,m2not4,"Daily Discussion Thread for March 11, 2021",1739,wallstreetbets,25558,Daily Discussion,1615489219.0,0.12565997888067582,119,947
99,2021-03-12 05:00:17,m30mij,"What Are Your Moves Tomorrow, March 12, 2021",1618,wallstreetbets,23604,Daily Discussion,1615525217.0,0.16163793103448276,150,928
100,2021-03-12 19:00:17,m3f9fp,"Daily Discussion Thread for March 12, 2021",1406,wallstreetbets,23574,Daily Discussion,1615575617.0,0.15135135135135136,140,925
101,2021-03-15 04:00:19,m52udt,"What Are Your Moves Tomorrow, March 15, 2021",2017,wallstreetbets,19108,Daily Discussion,1615780819.0,0.3513215859030837,319,908
102,2021-03-15 18:00:13,m5hbpf,"Daily Discussion Thread for March 15, 2021",1698,wallstreetbets,24173,Daily Discussion,1615831213.0,0.10104166666666667,97,960
103,2021-03-16 04:00:24,m5tffe,"What Are Your Moves Tomorrow, March 16, 2021",1722,wallstreetbets,21202,Daily Discussion,1615867224.0,0.10909090909090907,96,880
104,2021-03-16 18:00:12,m65k4x,"Daily Discussion Thread for March 16, 2021",1329,wallstreetbets,22977,Daily Discussion,1615917612.0,0.07878151260504201,75,952
105,2021-03-17 04:00:13,m6hx6h,"What Are Your Moves Tomorrow, March 17, 2021",1324,wallstreetbets,19845,Daily Discussion,1615953613.0,0.06352683461117196,58,913
106,2021-03-17 18:00:13,m6wyk2,"Daily Discussion Thread for March 17, 2021",1228,wallstreetbets,24706,Daily Discussion,1616004013.0,0.037393162393162385,35,936
107,2021-03-29 04:00:12,mf8mct,"What Are Your Moves Tomorrow, March 29, 2021",1143,wallstreetbets,17425,Daily Discussion,1616990412.0,0.03172866520787746,29,914
108,2021-03-29 18:00:15,mfm3fg,"Daily Discussion Thread for March 29, 2021",1039,wallstreetbets,18729,Daily Discussion,1617040815.0,0.011398963730569948,11,965
109,2021-03-30 04:00:26,mfy3xf,"What Are Your Moves Tomorrow, March 30, 2021",1026,wallstreetbets,16556,Daily Discussion,1617076826.0,0.032444959443800686,28,863
110,2021-03-30 18:00:11,mgcgcy,"Daily Discussion Thread for March 30, 2021",931,wallstreetbets,17910,Daily Discussion,1617127211.0,0.017970401691331926,17,946
111,2021-03-31 04:00:17,mgol98,"What Are Your Moves Tomorrow, March 31, 2021",1038,wallstreetbets,15513,Daily Discussion,1617163217.0,0.023622047244094488,21,889
112,2021-03-31 18:00:13,mh2ryh,"Daily Discussion Thread for March 31, 2021",884,wallstreetbets,17653,Daily Discussion,1617213613.0,0.01473684210526316,14,950
113,2021-04-01 04:00:20,mhecu3,"What Are Your Moves Tomorrow, April 01, 2021",775,wallstreetbets,15486,Daily Discussion,1617249620.0,0.013259668508287293,12,905
114,2021-04-01 18:00:18,mhs01v,"Daily Discussion Thread for April 01, 2021",848,wallstreetbets,17313,Daily Discussion,1617300018.0,0.01166489925768823,11,943
115,2021-04-02 04:00:12,mi3nbf,"What Are Your Moves Tomorrow, April 02, 2021",1532,wallstreetbets,832,Daily Discussion,1617336012.0,0.06544502617801047,25,382
116,2021-04-05 04:00:17,mk3mcj,"What Are Your Moves Tomorrow, April 05, 2021",825,wallstreetbets,11317,Daily Discussion,1617595217.0,0.02631578947368421,23,874
117,2021-04-05 18:00:16,mkh463,"Daily Discussion Thread for April 05, 2021",808,wallstreetbets,16355,Daily Discussion,1617645616.0,0.038702928870292884,37,956
118,2021-04-06 04:00:15,mktg0s,"What Are Your Moves Tomorrow, April 06, 2021",769,wallstreetbets,12471,Daily Discussion,1617681615.0,0.012571428571428572,11,875
119,2021-04-06 18:00:14,ml86d3,"Daily Discussion Thread for April 06, 2021",1067,wallstreetbets,14353,Daily Discussion,1617732014.0,0.015021459227467813,14,932
120,2021-04-07 04:00:14,mlkbp6,"What Are Your Moves Tomorrow, April 07, 2021",608,wallstreetbets,12669,Daily Discussion,1617768014.0,0.02877697841726619,24,834
121,2021-04-07 18:00:22,mlyq20,"Daily Discussion Thread for April 07, 2021",617,wallstreetbets,14712,Daily Discussion,1617818422.0,0.013888888888888888,13,936
122,2021-04-08 04:00:16,mmakl8,"What Are Your Moves Tomorrow, April 08, 2021",588,wallstreetbets,13191,Daily Discussion,1617854416.0,0.012471655328798186,11,882
123,2021-04-08 18:00:18,mmog6c,"Daily Discussion Thread for April 08, 2021",692,wallstreetbets,15308,Daily Discussion,1617904818.0,0.0190880169671262,18,943
124,2021-04-09 04:00:19,mn04vf,"What Are Your Moves Tomorrow, April 09, 2021",566,wallstreetbets,13686,Daily Discussion,1617940819.0,0.008918617614269788,8,897
125,2021-04-09 18:00:13,mndw8t,"Daily Discussion Thread for April 09, 2021",645,wallstreetbets,14449,Daily Discussion,1617991213.0,0.03609341825902335,34,942
126,2021-04-14 18:00:14,mqndra,"Daily Discussion Thread for April 14, 2021",734,wallstreetbets,18271,Daily Discussion,1618423214.0,0.01671891327063741,16,957
127,2021-04-15 04:00:13,mqyoy9,"What Are Your Moves Tomorrow, April 15, 2021",653,wallstreetbets,13235,Daily Discussion,1618459213.0,0.012485811577752557,11,881
128,2021-04-15 18:00:13,mrbmfj,"Daily Discussion Thread for April 15, 2021",578,wallstreetbets,15892,Daily Discussion,1618509613.0,0.01368421052631579,13,950
129,2021-04-16 04:00:15,mrms60,"What Are Your Moves Tomorrow, April 16, 2021",652,wallstreetbets,11530,Daily Discussion,1618545615.0,0.019101123595505608,17,890
130,2021-04-16 18:00:12,mrzzt0,"Daily Discussion Thread for April 16, 2021",0,wallstreetbets,14968,Daily Discussion,1618596012.0,0.028280542986425336,25,884
131,2021-04-19 04:00:22,mtk7tt,"What Are Your Moves Tomorrow, April 19, 2021",601,wallstreetbets,11301,Daily Discussion,1618804822.0,0.07239263803680981,59,815
132,2021-04-19 18:00:23,mtxaus,"Daily Discussion Thread for April 19, 2021",0,wallstreetbets,19088,Daily Discussion,1618855223.0,0.2083818393480792,179,859
133,2021-04-20 04:00:13,mu949r,"What Are Your Moves Tomorrow, April 20, 2021",454,wallstreetbets,11926,Daily Discussion,1618891213.0,0.0125,10,800
134,2021-04-20 18:00:11,mumzmy,"Daily Discussion Thread for April 20, 2021",52,wallstreetbets,17126,Daily Discussion,1618941611.0,0.003194888178913738,3,939
135,2021-04-21 04:00:17,muyz0m,"What Are Your Moves Tomorrow, April 21, 2021",379,wallstreetbets,11056,Daily Discussion,1618977617.0,0.005773672055427253,5,866
136,2021-04-21 18:00:25,mvcct1,"Daily Discussion Thread for April 21, 2021",139,wallstreetbets,13564,Daily Discussion,1619028025.0,0.0055928411633109605,5,894
137,2021-04-22 04:00:14,mvo1tm,"What Are Your Moves Tomorrow, April 22, 2021",416,wallstreetbets,11428,Daily Discussion,1619064014.0,0.008075370121130552,6,743
138,2021-04-22 18:00:18,mw1ekp,"Daily Discussion Thread for April 22, 2021",335,wallstreetbets,20583,Daily Discussion,1619114418.0,0.003115264797507788,3,963
139,2021-04-23 04:00:18,mwdc90,"What Are Your Moves Tomorrow, April 23, 2021",351,wallstreetbets,12427,Daily Discussion,1619150418.0,0.0,0,837
140,2021-04-23 18:00:12,mwrux2,"Daily Discussion Thread for April 23, 2021",349,wallstreetbets,17439,Daily Discussion,1619200812.0,0.011061946902654869,10,904
141,2021-04-26 04:00:13,myg8yx,"What Are Your Moves Tomorrow, April 26, 2021",445,wallstreetbets,9615,Daily Discussion,1619409613.0,0.009549795361527969,7,733
142,2021-04-26 18:00:16,myu6q2,"Daily Discussion Thread for April 26, 2021",614,wallstreetbets,21707,Daily Discussion,1619460016.0,0.12234042553191488,115,940
143,2021-04-27 04:00:22,mz6iks,"What Are Your Moves Tomorrow, April 27, 2021",870,wallstreetbets,19261,Daily Discussion,1619496022.0,0.1187648456057007,100,842
144,2021-04-27 18:00:20,mzl0cz,"Daily Discussion Thread for April 27, 2021",720,wallstreetbets,26303,Daily Discussion,1619546420.0,0.0379746835443038,36,948
145,2021-04-28 04:00:12,mzx686,"What Are Your Moves Tomorrow, April 28, 2021",546,wallstreetbets,14774,Daily Discussion,1619582412.0,0.012048192771084338,10,830
146,2021-04-28 18:00:19,n0bepa,"Daily Discussion Thread for April 28, 2021",536,wallstreetbets,21086,Daily Discussion,1619632819.0,0.007352941176470587,7,952
147,2021-04-29 04:00:26,n0ne5w,"What Are Your Moves Tomorrow, April 29, 2021",561,wallstreetbets,16416,Daily Discussion,1619668826.0,0.012958963282937363,12,926
148,2021-04-29 18:00:19,n11379,"Daily Discussion Thread for April 29, 2021",531,wallstreetbets,22959,Daily Discussion,1619719219.0,0.011578947368421052,11,950
149,2021-04-30 04:00:23,n1ct7r,"What Are Your Moves Tomorrow, April 30, 2021",506,wallstreetbets,16773,Daily Discussion,1619755223.0,0.017524644030668127,16,913
150,2021-04-30 18:00:21,n1qned,"Daily Discussion Thread for April 30, 2021",377,wallstreetbets,17587,Daily Discussion,1619805621.0,0.018538713195201745,17,917
151,2021-05-03 04:00:13,n3ekxx,"What Are Your Moves Tomorrow, May 03, 2021",493,wallstreetbets,9930,Daily Discussion,1620014413.0,0.011920529801324504,9,755
152,2021-05-03 18:00:20,n3sdrh,"Daily Discussion Thread for May 03, 2021",546,wallstreetbets,17257,Daily Discussion,1620064820.0,0.006396588486140725,6,938
153,2021-05-04 04:00:20,n45qyv,"What Are Your Moves Tomorrow, May 04, 2021",498,wallstreetbets,13134,Daily Discussion,1620100820.0,0.017084282460136675,15,878
154,2021-05-04 18:00:18,n4klyx,"Daily Discussion Thread for May 04, 2021",477,wallstreetbets,18491,Daily Discussion,1620151218.0,0.010427528675703858,10,959
155,2021-05-05 04:00:20,n4wnlb,"What Are Your Moves Tomorrow, May 05, 2021",465,wallstreetbets,13413,Daily Discussion,1620187220.0,0.01007838745800672,9,893
156,2021-05-05 18:00:16,n5cc1t,"Daily Discussion Thread for May 05, 2021",328,wallstreetbets,16823,Daily Discussion,1620237616.0,0.01495726495726496,14,936
157,2021-05-06 04:00:12,n5p1yh,"What Are Your Moves Tomorrow, May 06, 2021",504,wallstreetbets,16912,Daily Discussion,1620273612.0,0.014023732470334413,13,927
158,2021-05-06 18:00:11,n63s48,"Daily Discussion Thread for May 06, 2021",373,wallstreetbets,20265,Daily Discussion,1620324011.0,0.011506276150627616,11,956
159,2021-05-07 04:00:16,n6g549,"What Are Your Moves Tomorrow, May 07, 2021",268,wallstreetbets,13642,Daily Discussion,1620360016.0,0.01627906976744186,14,860
160,2021-05-07 18:00:15,n6uyxz,"Daily Discussion Thread for May 07, 2021",304,wallstreetbets,17344,Daily Discussion,1620410415.0,0.016753926701570682,16,955
161,2021-05-10 04:00:17,n8m6m9,"What Are Your Moves Tomorrow, May 10, 2021",341,wallstreetbets,10599,Daily Discussion,1620619217.0,0.014248704663212437,11,772
162,2021-05-10 18:00:13,n90t4p,"Daily Discussion Thread for May 10, 2021",364,wallstreetbets,18754,Daily Discussion,1620669613.0,0.013569937369519834,13,958
163,2021-05-11 04:00:14,n9eiyu,"What Are Your Moves Tomorrow, May 11, 2021",471,wallstreetbets,18918,Daily Discussion,1620705614.0,0.01059322033898305,10,944
164,2021-05-11 18:00:13,n9th6n,"Daily Discussion Thread for May 11, 2021",412,wallstreetbets,22669,Daily Discussion,1620756013.0,0.014644351464435146,14,956
165,2021-05-12 04:00:22,na65ti,"What Are Your Moves Tomorrow, May 12, 2021",350,wallstreetbets,14898,Daily Discussion,1620792022.0,0.006818181818181818,6,880
166,2021-05-12 18:00:13,nal19o,"Daily Discussion Thread for May 12, 2021",351,wallstreetbets,22768,Daily Discussion,1620842413.0,0.01685985247629083,16,949
167,2021-05-13 04:00:16,naxw3d,"What Are Your Moves Tomorrow, May 13, 2021",397,wallstreetbets,19096,Daily Discussion,1620878416.0,0.005336179295624333,5,937
168,2021-05-13 18:00:17,nbd3jq,"Daily Discussion Thread for May 13, 2021",452,wallstreetbets,22281,Daily Discussion,1620928817.0,0.1014799154334038,96,946
169,2021-05-14 04:00:32,nbpvym,"What Are Your Moves Tomorrow, May 14, 2021",390,wallstreetbets,14972,Daily Discussion,1620964832.0,0.02598870056497175,23,885
170,2021-05-14 18:00:15,nc4z12,"Daily Discussion Thread for May 14, 2021",338,wallstreetbets,17549,Daily Discussion,1621015215.0,0.014207650273224045,13,915
171,2021-05-17 04:00:17,ndwk25,"What Are Your Moves Tomorrow, May 17, 2021",359,wallstreetbets,12096,Daily Discussion,1621224017.0,0.00589622641509434,5,848
172,2021-05-17 18:00:16,nec4of,"Daily Discussion Thread for May 17, 2021",348,wallstreetbets,15988,Daily Discussion,1621274416.0,0.16251354279523295,150,923
173,2021-05-18 04:00:14,neq7g4,"What Are Your Moves Tomorrow, May 18, 2021",395,wallstreetbets,14156,Daily Discussion,1621310414.0,0.07142857142857142,61,854
174,2021-05-18 18:00:12,nf6oeg,"Daily Discussion Thread for May 18, 2021",357,wallstreetbets,16515,Daily Discussion,1621360812.0,0.07659115426105717,71,927
175,2021-05-19 04:00:22,nfklff,"What Are Your Moves Tomorrow, May 19, 2021",339,wallstreetbets,15835,Daily Discussion,1621396822.0,0.0125,11,880
176,2021-05-19 18:00:17,ng1nlz,"Daily Discussion Thread for May 19, 2021",365,wallstreetbets,19171,Daily Discussion,1621447217.0,0.01166489925768823,11,943
177,2021-05-20 04:00:19,ngfh4g,"What Are Your Moves Tomorrow, May 20, 2021",323,wallstreetbets,13098,Daily Discussion,1621483219.0,0.014891179839633447,13,873
178,2021-05-20 18:00:12,ngw4ld,"Daily Discussion Thread for May 20, 2021",278,wallstreetbets,14372,Daily Discussion,1621533612.0,0.004314994606256742,4,927
179,2021-05-21 04:00:20,nh9y3g,"What Are Your Moves Tomorrow, May 21, 2021",307,wallstreetbets,13273,Daily Discussion,1621569620.0,0.00737100737100737,6,814
180,2021-05-21 18:00:15,nhoua8,"Daily Discussion Thread for May 21, 2021",236,wallstreetbets,13040,Daily Discussion,1621620015.0,0.016163793103448273,15,928
181,2021-05-24 04:00:12,njfshj,"What Are Your Moves Tomorrow, May 24, 2021",265,wallstreetbets,10277,Daily Discussion,1621828812.0,0.0050568900126422255,4,791
182,2021-05-24 18:00:14,njubrl,"Daily Discussion Thread for May 24, 2021",252,wallstreetbets,13207,Daily Discussion,1621879214.0,0.031149301825993563,29,931
183,2021-05-25 04:00:19,nk6ucy,"What Are Your Moves Tomorrow, May 25, 2021",290,wallstreetbets,11542,Daily Discussion,1621915219.0,0.01591187270501836,13,817
184,2021-05-25 18:00:17,nkm1ab,"Daily Discussion Thread for May 25, 2021",461,wallstreetbets,17745,Daily Discussion,1621965617.0,0.30218068535825543,291,963
185,2021-05-26 04:00:39,nkyn0w,"What Are Your Moves Tomorrow, May 26, 2021",490,wallstreetbets,14810,Daily Discussion,1622001639.0,0.1981242672919109,169,853
186,2021-05-26 18:00:19,nld88o,"Daily Discussion Thread for May 26, 2021",709,wallstreetbets,22907,Daily Discussion,1622052019.0,0.30662393162393164,287,936
187,2021-05-27 04:00:19,nlq1js,"What Are Your Moves Tomorrow, May 27, 2021",562,wallstreetbets,16792,Daily Discussion,1622088019.0,0.0784313725490196,68,867
188,2021-05-27 18:00:16,nm414o,"Daily Discussion Thread for May 27, 2021",777,wallstreetbets,29470,Daily Discussion,1622138416.0,0.1189245087900724,115,967
189,2021-05-28 04:00:16,nmg57b,"What Are Your Moves Tomorrow, May 28, 2021",803,wallstreetbets,20819,Daily Discussion,1622174416.0,0.1022364217252396,96,939
190,2021-05-28 18:00:21,nmue5k,"Daily Discussion Thread for May 28, 2021",933,wallstreetbets,34610,Daily Discussion,1622224821.0,0.07302231237322515,72,986
191,2021-05-31 04:00:14,noj7fx,"What Are Your Moves Tomorrow, May 31, 2021",119,wallstreetbets,323,Daily Discussion,1622433614.0,0.045454545454545456,6,132
192,2021-06-01 04:00:13,npbyt0,"What Are Your Moves Tomorrow, June 01, 2021",594,wallstreetbets,11958,Daily Discussion,1622520013.0,0.03300733496332518,27,818
193,2021-06-01 18:00:13,npqenw,"Daily Discussion Thread for June 01, 2021",690,wallstreetbets,20472,Daily Discussion,1622570413.0,0.048830111902339775,48,983
194,2021-06-02 04:00:22,nq32sc,"What Are Your Moves Tomorrow, June 02, 2021",773,wallstreetbets,19285,Daily Discussion,1622606422.0,0.05931321540062435,57,961
195,2021-06-02 18:00:15,nqi9f6,"Daily Discussion Thread for June 02, 2021",2578,wallstreetbets,48339,Daily Discussion,1622656815.0,0.02950152594099695,29,983
196,2021-06-03 04:00:20,nquubf,"What Are Your Moves Tomorrow, June 03, 2021",5380,wallstreetbets,43350,Daily Discussion,1622692820.0,0.038026721479958885,37,973
197,2021-06-03 18:00:13,nr9r9t,"Daily Discussion Thread for June 03, 2021",3003,wallstreetbets,70244,Daily Discussion,1622743213.0,0.010141987829614604,10,986
198,2021-06-04 04:00:12,nrmh2t,"What Are Your Moves Tomorrow, June 04, 2021",1344,wallstreetbets,29313,Daily Discussion,1622779212.0,0.022459893048128343,21,935
199,2021-06-04 18:00:13,ns1gd8,"Daily Discussion Thread for June 04, 2021",1209,wallstreetbets,37386,Daily Discussion,1622829613.0,0.013347022587268994,13,974
200,2021-06-07 04:00:19,ntu6ur,"What Are Your Moves Tomorrow, June 07, 2021",909,wallstreetbets,13340,Daily Discussion,1623038419.0,0.010297482837528604,9,874
201,2021-06-07 18:00:13,nu8oaz,"Daily Discussion Thread for June 07, 2021",1011,wallstreetbets,22483,Daily Discussion,1623088813.0,0.008130081300813009,8,984
202,2021-06-08 04:00:14,num03g,"What Are Your Moves Tomorrow, June 08, 2021",955,wallstreetbets,18755,Daily Discussion,1623124814.0,0.006688963210702341,6,897
203,2021-06-08 18:00:14,nv1518,"Daily Discussion Thread for June 08, 2021",1633,wallstreetbets,34209,Daily Discussion,1623175214.0,0.09989594172736732,96,961
204,2021-06-09 04:00:13,nvcwpz,"What Are Your Moves Tomorrow, June 09, 2021",2516,wallstreetbets,37348,Daily Discussion,1623211213.0,0.017653167185877467,17,963
205,2021-06-09 18:00:18,nvs38y,"Daily Discussion Thread for June 09, 2021",1982,wallstreetbets,44952,Daily Discussion,1623261618.0,0.002044989775051125,2,978
206,2021-06-10 18:00:14,nwjtth,"Daily Discussion Thread for June 10, 2021",1440,wallstreetbets,35871,Daily Discussion,1623348014.0,0.015463917525773196,15,970
207,2021-06-11 04:00:02,nwwxw6,"What Are Your Moves Tomorrow, June 11, 2021",1118,wallstreetbets,21315,Daily Discussion,1623384002.0,0.0192090395480226,17,885
208,2021-06-11 18:00:12,nxcaz5,"Daily Discussion Thread for June 11, 2021",1190,wallstreetbets,25050,Daily Discussion,1623434412.0,0.013388259526261586,13,971
209,2021-06-14 04:00:15,nz4kgk,"What Are Your Moves Tomorrow, June 14, 2021",1054,wallstreetbets,15329,Daily Discussion,1623643215.0,0.006234413965087282,5,802
210,2021-06-14 18:00:16,nzjc6w,"Daily Discussion Thread for June 14, 2021",890,wallstreetbets,27190,Daily Discussion,1623693616.0,0.0,0,977
211,2021-06-15 04:00:12,nzvijb,"What Are Your Moves Tomorrow, June 15, 2021",1126,wallstreetbets,19047,Daily Discussion,1623729612.0,0.004678362573099414,4,855
212,2021-06-15 18:00:13,o0ap26,"Daily Discussion Thread for June 15, 2021",771,wallstreetbets,24069,Daily Discussion,1623780013.0,0.004232804232804233,4,945
213,2021-06-16 04:00:20,o0n6ry,"What Are Your Moves Tomorrow, June 16, 2021",727,wallstreetbets,16450,Daily Discussion,1623816020.0,0.007017543859649123,6,855
214,2021-06-16 18:00:12,o11atd,"Daily Discussion Thread for June 16, 2021",732,wallstreetbets,24429,Daily Discussion,1623866412.0,0.008385744234800839,8,954
215,2021-06-17 04:00:13,o1dy21,"What Are Your Moves Tomorrow, June 17, 2021",739,wallstreetbets,15903,Daily Discussion,1623902413.0,0.012835472578763128,11,857
216,2021-06-17 18:00:16,o1tjzv,"Daily Discussion Thread for June 17, 2021",746,wallstreetbets,19185,Daily Discussion,1623952816.0,0.0042105263157894745,4,950
217,2021-06-18 04:00:15,o26ark,"What Are Your Moves Tomorrow, June 18, 2021",671,wallstreetbets,13591,Daily Discussion,1623988815.0,0.009456264775413713,8,846
218,2021-06-18 18:00:18,o2lk48,"Daily Discussion Thread for June 18, 2021",487,wallstreetbets,17695,Daily Discussion,1624039218.0,0.004179728317659353,4,957
219,2021-06-21 04:00:10,o4dpla,"What Are Your Moves Tomorrow, June 21, 2021",602,wallstreetbets,11873,Daily Discussion,1624248010.0,0.005567928730512249,5,898
220,2021-06-21 18:00:16,o4rqmn,"Daily Discussion Thread for June 21, 2021",678,wallstreetbets,16893,Daily Discussion,1624298416.0,0.006578947368421052,6,912
221,2021-06-22 04:00:14,o540ge,"What Are Your Moves Tomorrow, June 22, 2021",647,wallstreetbets,13507,Daily Discussion,1624334414.0,0.010804321728691477,9,833
222,2021-06-22 18:00:18,o5jefj,"Daily Discussion Thread for June 22, 2021",590,wallstreetbets,18319,Daily Discussion,1624384818.0,0.001037344398340249,1,964
223,2021-06-23 04:00:15,o5vul4,"What Are Your Moves Tomorrow, June 23, 2021",537,wallstreetbets,12520,Daily Discussion,1624420815.0,0.00580720092915215,5,861
224,2021-06-23 18:00:13,o69r01,"Daily Discussion Thread for June 23, 2021",537,wallstreetbets,15928,Daily Discussion,1624471213.0,0.0010330578512396695,1,968
225,2021-06-24 04:00:13,o6kpha,"What Are Your Moves Tomorrow, June 24, 2021",561,wallstreetbets,12516,Daily Discussion,1624507213.0,0.0033821871476888386,3,887
226,2021-06-24 18:00:18,o6xtau,"Daily Discussion Thread for June 24, 2021",608,wallstreetbets,17109,Daily Discussion,1624557618.0,0.0020833333333333333,2,960
227,2021-06-25 04:00:15,o78qyx,"What Are Your Moves Tomorrow, June 25, 2021",611,wallstreetbets,12395,Daily Discussion,1624593615.0,0.006944444444444444,6,864
228,2021-06-25 18:00:19,o7knfy,"Daily Discussion Thread for June 25, 2021",563,wallstreetbets,18321,Daily Discussion,1624644019.0,0.0031023784901758012,3,967
229,2021-06-28 04:00:20,o94f94,"What Are Your Moves Tomorrow, June 28, 2021",589,wallstreetbets,10815,Daily Discussion,1624852820.0,0.02106567534076828,17,807
230,2021-06-28 18:00:14,o9h5w0,"Daily Discussion Thread for June 28, 2021",630,wallstreetbets,16728,Daily Discussion,1624903214.0,0.01027749229188078,10,973
231,2021-06-29 04:00:15,o9s4kb,"What Are Your Moves Tomorrow, June 29, 2021",606,wallstreetbets,12160,Daily Discussion,1624939215.0,0.016528925619834708,14,847
232,2021-06-29 18:00:14,oa56ol,"Daily Discussion Thread for June 29, 2021",553,wallstreetbets,16158,Daily Discussion,1624989614.0,0.007299270072992701,7,959
233,2021-06-30 04:00:15,oag1qt,"What Are Your Moves Tomorrow, June 30, 2021",697,wallstreetbets,12590,Daily Discussion,1625025615.0,0.00851581508515815,7,822
234,2021-06-30 18:00:19,oau3cr,"Daily Discussion Thread for June 30, 2021",533,wallstreetbets,14751,Daily Discussion,1625076019.0,0.007391763463569166,7,947
235,2021-07-01 04:00:15,ob59hl,"What Are Your Moves Tomorrow, July 01, 2021",528,wallstreetbets,11333,Daily Discussion,1625112015.0,0.01338199513381995,11,822
236,2021-07-01 18:00:15,obik3v,"Daily Discussion Thread for July 01, 2021",417,wallstreetbets,14672,Daily Discussion,1625162415.0,0.0041884816753926715,4,955
237,2021-07-02 04:00:17,obtvlz,"What Are Your Moves Tomorrow, July 02, 2021",497,wallstreetbets,11495,Daily Discussion,1625198417.0,0.010262257696693271,9,877
238,2021-07-02 18:00:15,oc6yol,"Daily Discussion Thread for July 02, 2021",409,wallstreetbets,14559,Daily Discussion,1625248815.0,0.00625,6,960
239,2021-07-06 10:00:14,oervpb,"Daily Discussion Thread for July 06, 2021",401,wallstreetbets,12824,Daily Discussion,1625565614.0,0.0021141649048625802,2,946
240,2021-07-07 10:00:15,offukf,"Daily Discussion Thread for July 07, 2021",568,wallstreetbets,15347,Daily Discussion,1625652015.0,0.00104384133611691,1,958
241,2021-07-07 20:00:11,ofqt00,"What Are Your Moves Tomorrow, July 08, 2021",466,wallstreetbets,12804,Daily Discussion,1625688011.0,0.002224694104560623,2,899
242,2021-07-08 10:00:13,og44qr,"Daily Discussion Thread for July 08, 2021",515,wallstreetbets,19288,Daily Discussion,1625738413.0,0.0020855057351407717,2,959
243,2021-07-08 20:00:19,ogf57p,"What Are Your Moves Tomorrow, July 09, 2021",371,wallstreetbets,12326,Daily Discussion,1625774419.0,0.001148105625717566,1,871
244,2021-07-09 10:00:14,ogsfdx,"Daily Discussion Thread for July 09, 2021",365,wallstreetbets,12962,Daily Discussion,1625824814.0,0.0010695187165775401,1,935
245,2021-07-12 01:00:12,oigpc7,"What Are Your Moves Tomorrow, July 13, 2021",259,wallstreetbets,5493,Daily Discussion,1626051612.0,0.0014367816091954025,1,696
246,2021-07-12 10:00:13,oio72l,"Daily Discussion Thread for July 12, 2021",377,wallstreetbets,13679,Daily Discussion,1626084013.0,0.003194888178913738,3,939
247,2021-07-12 20:00:05,oiz3pf,"What Are Your Moves Tomorrow, July 13, 2021",350,wallstreetbets,10307,Daily Discussion,1626120005.0,0.003627569528415962,3,827
248,2021-07-13 10:00:13,ojcfk1,"Daily Discussion Thread for July 13, 2021",375,wallstreetbets,15025,Daily Discussion,1626170413.0,0.003131524008350731,3,958
249,2021-07-13 20:00:26,ojnmfa,"What Are Your Moves Tomorrow, July 14, 2021",400,wallstreetbets,11132,Daily Discussion,1626206426.0,0.004561003420752566,4,877
250,2021-07-14 10:00:19,ok164a,"Daily Discussion Thread for July 14, 2021",382,wallstreetbets,16488,Daily Discussion,1626256819.0,0.009384775808133471,9,959
251,2021-07-14 20:00:12,okcbe1,"What Are Your Moves Tomorrow, July 15, 2021",381,wallstreetbets,11740,Daily Discussion,1626292812.0,0.02106430155210643,19,902
252,2021-07-15 10:00:21,okpqif,"Daily Discussion Thread for July 15, 2021",356,wallstreetbets,14630,Daily Discussion,1626343221.0,0.003118503118503119,3,962
253,2021-07-15 20:00:22,ol0niy,"What Are Your Moves Tomorrow, July 16, 2021",363,wallstreetbets,10628,Daily Discussion,1626379222.0,0.0022650056625141564,2,883
254,2021-07-16 10:00:12,oldt8j,"Daily Discussion Thread for July 16, 2021",294,wallstreetbets,13237,Daily Discussion,1626429612.0,0.00211864406779661,2,944
255,2021-07-18 20:00:22,omy3dz,"What Are Your Moves Tomorrow, July 19, 2021",338,wallstreetbets,10883,Daily Discussion,1626638422.0,0.005518763796909493,5,906
256,2021-07-19 10:00:16,onazr6,"Daily Discussion Thread for July 19, 2021",431,wallstreetbets,18335,Daily Discussion,1626688816.0,0.0,0,952
257,2021-07-19 20:00:10,onlxa7,"What Are Your Moves Tomorrow, July 20, 2021",385,wallstreetbets,13442,Daily Discussion,1626724810.0,0.0,0,869
258,2021-07-20 10:00:18,onz1ys,"Daily Discussion Thread for July 20, 2021",307,wallstreetbets,13603,Daily Discussion,1626775218.0,0.0010559662090813089,1,947
259,2021-07-20 20:00:14,oo9tqk,"What Are Your Moves Tomorrow, July 21, 2021",353,wallstreetbets,10574,Daily Discussion,1626811214.0,0.0,0,843
260,2021-07-21 10:00:12,ooms2d,"Daily Discussion Thread for July 21, 2021",267,wallstreetbets,11949,Daily Discussion,1626861612.0,0.0,0,922
261,2021-07-21 20:00:14,ooxqja,"What Are Your Moves Tomorrow, July 22, 2021",295,wallstreetbets,11441,Daily Discussion,1626897614.0,0.0,0,837
262,2021-07-22 10:00:18,opasbw,"Daily Discussion Thread for July 22, 2021",268,wallstreetbets,11727,Daily Discussion,1626948018.0,0.0032017075773746,3,937
263,2021-07-22 20:00:11,oplsaa,"What Are Your Moves Tomorrow, July 23, 2021",323,wallstreetbets,9985,Daily Discussion,1626984011.0,0.0059880239520958105,5,835
264,2021-07-23 10:00:13,opz91a,"Daily Discussion Thread for July 23, 2021",263,wallstreetbets,12796,Daily Discussion,1627034413.0,0.0031446540880503146,3,954
265,2021-07-25 20:00:18,oripob,"What Are Your Moves Tomorrow, July 26, 2021",316,wallstreetbets,10276,Daily Discussion,1627243218.0,0.0011587485515643105,1,863
266,2021-07-26 10:00:21,orvnbd,"Daily Discussion Thread for July 26, 2021",316,wallstreetbets,11214,Daily Discussion,1627293621.0,0.0,0,905
267,2021-07-26 20:00:13,os6qqn,"What Are Your Moves Tomorrow, July 27, 2021",309,wallstreetbets,10605,Daily Discussion,1627329613.0,0.0011587485515643105,1,863
268,2021-07-27 10:00:12,osjwkg,"Daily Discussion Thread for July 27, 2021",302,wallstreetbets,14024,Daily Discussion,1627380012.0,0.0021253985122210413,2,941
269,2021-07-27 20:00:14,osu19k,"What Are Your Moves Tomorrow, July 28, 2021",359,wallstreetbets,12353,Daily Discussion,1627416014.0,0.00437636761487965,4,914
270,2021-07-28 10:00:14,ot6uaz,"Daily Discussion Thread for July 28, 2021",315,wallstreetbets,15831,Daily Discussion,1627466414.0,0.003108808290155441,3,965
271,2021-07-28 20:00:17,othpff,"What Are Your Moves Tomorrow, July 29, 2021",366,wallstreetbets,12022,Daily Discussion,1627502417.0,0.012401352874859077,11,887
272,2021-07-29 10:00:14,otuiae,"Daily Discussion Thread for July 29, 2021",370,wallstreetbets,16807,Daily Discussion,1627552814.0,0.007291666666666667,7,960
273,2021-07-29 20:00:12,ou520a,"What Are Your Moves Tomorrow, July 30, 2021",309,wallstreetbets,14964,Daily Discussion,1627588812.0,0.00522466039707419,5,957
274,2021-07-30 10:00:16,ouhpha,"Daily Discussion Thread for July 30, 2021",235,wallstreetbets,12589,Daily Discussion,1627639216.0,0.0010683760683760683,1,936
275,2021-08-01 20:00:15,ovz58g,"What Are Your Moves Tomorrow, August 02, 2021",355,wallstreetbets,9480,Daily Discussion,1627848015.0,0.0,0,854
276,2021-08-02 10:00:16,owbfjf,"Daily Discussion Thread for August 02, 2021",320,wallstreetbets,11828,Daily Discussion,1627898416.0,0.002152852529601722,2,929
277,2021-08-02 20:00:21,owmjjx,"What Are Your Moves Tomorrow, August 03, 2021",325,wallstreetbets,9963,Daily Discussion,1627934421.0,0.0012422360248447205,1,805
278,2021-08-03 10:00:13,ox095v,"Daily Discussion Thread for August 03, 2021",352,wallstreetbets,13437,Daily Discussion,1627984813.0,0.0021551724137931034,2,928
279,2021-08-03 20:00:18,oxbkl9,"What Are Your Moves Tomorrow, August 04, 2021",345,wallstreetbets,10915,Daily Discussion,1628020818.0,0.004993757802746567,4,801
280,2021-08-04 10:00:14,oxpeqa,"Daily Discussion Thread for August 04, 2021",371,wallstreetbets,14690,Daily Discussion,1628071214.0,0.00419287211740042,4,954
281,2021-08-04 20:00:13,oy0ywp,"What Are Your Moves Tomorrow, August 05, 2021",397,wallstreetbets,11975,Daily Discussion,1628107213.0,0.002378121284185493,2,841
282,2021-08-05 10:00:17,oyeeib,"Daily Discussion Thread for August 05, 2021",291,wallstreetbets,13763,Daily Discussion,1628157617.0,0.0032537960954446853,3,922
283,2021-08-05 20:00:14,oyqh8q,"What Are Your Moves Tomorrow, August 06, 2021",300,wallstreetbets,10651,Daily Discussion,1628193614.0,0.0037174721189591076,3,807
284,2021-08-06 10:00:16,oz3mrm,"Daily Discussion Thread for August 06, 2021",290,wallstreetbets,10845,Daily Discussion,1628244016.0,0.002190580503833516,2,913
285,2021-08-08 20:00:14,p0lr0p,"What Are Your Moves Tomorrow, August 09, 2021",311,wallstreetbets,8390,Daily Discussion,1628452814.0,0.002617801047120419,2,764
286,2021-08-09 10:00:15,p0yfax,"Daily Discussion Thread for August 09, 2021",323,wallstreetbets,10827,Daily Discussion,1628503215.0,0.0010845986984815619,1,922
287,2021-08-09 20:00:39,p197ts,"What Are Your Moves Tomorrow, August 10, 2021",413,wallstreetbets,9363,Daily Discussion,1628539239.0,0.0025380710659898475,2,788
288,2021-08-10 10:00:14,p1m5a2,"Daily Discussion Thread for August 10, 2021",358,wallstreetbets,11809,Daily Discussion,1628589614.0,0.004381161007667032,4,913
289,2021-08-10 20:00:14,p1x08o,"What Are Your Moves Tomorrow, August 11, 2021",298,wallstreetbets,10356,Daily Discussion,1628625614.0,0.0051347881899871635,4,779
290,2021-08-11 10:00:12,p2a004,"Daily Discussion Thread for August 11, 2021",245,wallstreetbets,11812,Daily Discussion,1628676012.0,0.001072961373390558,1,932
291,2021-08-11 20:00:16,p2ku1k,"What Are Your Moves Tomorrow, August 12, 2021",284,wallstreetbets,8999,Daily Discussion,1628712016.0,0.003529411764705883,3,850
292,2021-08-12 10:00:15,p2wq9k,"Daily Discussion Thread for August 12, 2021",305,wallstreetbets,11425,Daily Discussion,1628762415.0,0.005482456140350877,5,912
293,2021-08-12 20:00:22,p37krv,"What Are Your Moves Tomorrow, August 13, 2021",384,wallstreetbets,12524,Daily Discussion,1628798422.0,0.003278688524590164,3,915
294,2021-08-13 10:00:18,p3kdnr,"Daily Discussion Thread for August 13, 2021",288,wallstreetbets,11313,Daily Discussion,1628848818.0,0.0033519553072625698,3,895
295,2021-08-15 20:00:23,p50kxh,"What Are Your Moves Tomorrow, August 16, 2021",320,wallstreetbets,8909,Daily Discussion,1629057623.0,0.0010582010582010583,1,945
296,2021-08-16 10:00:17,p5d0wj,"Daily Discussion Thread for August 16, 2021",295,wallstreetbets,11548,Daily Discussion,1629108017.0,0.003740648379052369,3,802
297,2021-08-16 20:00:15,p5ntsh,"What Are Your Moves Tomorrow, August 17, 2021",314,wallstreetbets,9069,Daily Discussion,1629144015.0,0.0,0,908
298,2021-08-17 10:00:13,p60qqk,"Daily Discussion Thread for August 17, 2021",312,wallstreetbets,12436,Daily Discussion,1629194413.0,0.0,0,935
299,2021-08-17 20:00:14,p6b7cz,"What Are Your Moves Tomorrow, August 18, 2021",236,wallstreetbets,9664,Daily Discussion,1629230414.0,0.0,0,926
300,2021-08-18 10:00:12,p6o3zy,"Daily Discussion Thread for August 18, 2021",305,wallstreetbets,12133,Daily Discussion,1629280812.0,0.0012091898428053204,1,827
301,2021-08-18 20:00:13,p6yxxc,"What Are Your Moves Tomorrow, August 19, 2021",282,wallstreetbets,13467,Daily Discussion,1629316813.0,0.002380952380952381,2,840
302,2021-08-19 10:00:23,p7bva1,"Daily Discussion Thread for August 19, 2021",311,wallstreetbets,14928,Daily Discussion,1629367223.0,0.004219409282700422,4,948
303,2021-08-19 20:00:21,p7mehd,"What Are Your Moves Tomorrow, August 20, 2021",239,wallstreetbets,9557,Daily Discussion,1629403221.0,0.003484320557491289,3,861
304,2021-08-20 10:00:14,p825zj,"Daily Discussion Thread for August 20, 2021",222,wallstreetbets,10102,Daily Discussion,1629453614.0,0.0033783783783783786,3,888
305,2021-08-22 20:00:23,p9jpeq,"What Are Your Moves Tomorrow, August 23, 2021",302,wallstreetbets,7975,Daily Discussion,1629662423.0,0.0,0,748
306,2021-08-23 10:00:16,p9wn4t,"Daily Discussion Thread for August 23, 2021",243,wallstreetbets,9604,Daily Discussion,1629712816.0,0.007856341189674524,7,891
307,2021-08-23 20:00:14,pa7km0,"What Are Your Moves Tomorrow, August 24, 2021",333,wallstreetbets,8684,Daily Discussion,1629748814.0,0.3925925925925926,371,945
308,2021-08-24 10:00:24,pak91h,"Daily Discussion Thread for August 24, 2021",505,wallstreetbets,14557,Daily Discussion,1629799224.0,0.01,8,800
309,2021-08-24 20:00:22,pav09i,"What Are Your Moves Tomorrow, August 25, 2021",466,wallstreetbets,11702,Daily Discussion,1629835222.0,0.1943231441048035,178,916
310,2021-08-25 10:00:14,pb840r,"Daily Discussion Thread for August 25, 2021",367,wallstreetbets,13316,Daily Discussion,1629885614.0,0.17090069284064666,148,866
311,2021-08-25 20:00:17,pbj372,"What Are Your Moves Tomorrow, August 26, 2021",373,wallstreetbets,9509,Daily Discussion,1629921617.0,0.04523227383863081,37,818
312,2021-08-26 10:00:17,pbwdez,"Daily Discussion Thread for August 26, 2021",300,wallstreetbets,12375,Daily Discussion,1629972017.0,0.08034744842562432,74,921
313,2021-08-26 20:00:14,pc794f,"What Are Your Moves Tomorrow, August 27, 2021",296,wallstreetbets,9876,Daily Discussion,1630008014.0,0.002403846153846154,2,832
314,2021-08-27 10:00:11,pckb9m,"Daily Discussion Thread for August 27, 2021",340,wallstreetbets,11826,Daily Discussion,1630058411.0,0.012806830309498399,12,937
315,2021-08-29 20:00:13,pe2ihy,"What Are Your Moves Tomorrow, August 30, 2021",301,wallstreetbets,6921,Daily Discussion,1630267213.0,0.022483940042826552,21,934
316,2021-08-30 10:00:22,pef0nj,"Daily Discussion Thread for August 30, 2021",310,wallstreetbets,10856,Daily Discussion,1630317622.0,0.04068522483940043,38,934
317,2021-08-30 20:00:44,pepvqb,"What Are Your Moves Tomorrow, August 31, 2021",317,wallstreetbets,10323,Daily Discussion,1630353644.0,0.010680907877169559,8,749
318,2021-08-31 10:00:20,pf2ra8,"Daily Discussion Thread for August 31, 2021",319,wallstreetbets,11171,Daily Discussion,1630404020.0,0.0035460992907801418,3,846
319,2021-08-31 20:00:21,pfdkjw,"What Are Your Moves Tomorrow, September 01, 2021",325,wallstreetbets,9214,Daily Discussion,1630440021.0,0.023514851485148515,19,808
320,2021-09-01 10:00:19,pfqpl8,"Daily Discussion Thread for September 01, 2021",331,wallstreetbets,12489,Daily Discussion,1630490419.0,0.03463203463203463,32,924
321,2021-09-01 20:00:18,pg1s3c,"What Are Your Moves Tomorrow, September 02, 2021",285,wallstreetbets,8588,Daily Discussion,1630526418.0,0.013317191283292978,11,826
322,2021-09-02 10:00:20,pgergo,"Daily Discussion Thread for September 02, 2021",255,wallstreetbets,11517,Daily Discussion,1630576820.0,0.021252796420581657,19,894
323,2021-09-02 20:00:20,pgphq9,"What Are Your Moves Tomorrow, September 03, 2021",501,wallstreetbets,9732,Daily Discussion,1630612820.0,0.02305159165751921,21,911
324,2021-09-03 10:00:12,ph24jo,"Daily Discussion Thread for September 03, 2021",326,wallstreetbets,10887,Daily Discussion,1630663212.0,0.0079155672823219,6,758
325,2021-09-06 20:00:20,pj77jg,"What Are Your Moves Tomorrow, September 07, 2021",296,wallstreetbets,7054,Daily Discussion,1630958420.0,0.0,0,922
326,2021-09-07 10:00:24,pjk0x4,"Daily Discussion Thread for September 07, 2021",268,wallstreetbets,9580,Daily Discussion,1631008824.0,0.001364256480218281,1,733
327,2021-09-07 20:00:16,pjuosv,"What Are Your Moves Tomorrow, September 08, 2021",292,wallstreetbets,8860,Daily Discussion,1631044816.0,0.0038363171355498722,3,782
328,2021-09-08 10:00:19,pk7hl8,"Daily Discussion Thread for September 08, 2021",215,wallstreetbets,9748,Daily Discussion,1631095219.0,0.004545454545454545,4,880
329,2021-09-08 20:00:16,pki1tn,"What Are Your Moves Tomorrow, September 09, 2021",279,wallstreetbets,10775,Daily Discussion,1631131216.0,0.06221719457013575,55,884
330,2021-09-09 10:00:20,pkus1y,"Daily Discussion Thread for September 09, 2021",222,wallstreetbets,10313,Daily Discussion,1631181620.0,0.008639308855291577,8,926
331,2021-09-09 20:00:20,pl5dpa,"What Are Your Moves Tomorrow, September 10, 2021",222,wallstreetbets,9290,Daily Discussion,1631217620.0,0.001092896174863388,1,915
332,2021-09-10 10:00:16,pli02m,"Daily Discussion Thread for September 10, 2021",210,wallstreetbets,11549,Daily Discussion,1631268016.0,0.0,0,837
333,2021-09-12 20:00:16,pmzxa9,"What Are Your Moves Tomorrow, September 13, 2021",263,wallstreetbets,7933,Daily Discussion,1631476816.0,0.003205128205128205,3,936
334,2021-09-13 10:00:18,pncese,"Daily Discussion Thread for September 13, 2021",262,wallstreetbets,10469,Daily Discussion,1631527218.0,0.0,0,797
335,2021-09-13 20:00:15,pnn4wa,"What Are Your Moves Tomorrow, September 14, 2021",256,wallstreetbets,9253,Daily Discussion,1631563215.0,0.0,0,781
336,2021-09-14 10:00:19,pnzrg1,"Daily Discussion Thread for September 14, 2021",242,wallstreetbets,12694,Daily Discussion,1631613619.0,0.0,0,926
337,2021-09-14 20:00:20,poad7j,"What Are Your Moves Tomorrow, September 15, 2021",261,wallstreetbets,10231,Daily Discussion,1631649620.0,0.0011976047904191617,1,835
338,2021-09-15 10:00:14,pon39n,"Daily Discussion Thread for September 15, 2021",226,wallstreetbets,10405,Daily Discussion,1631700014.0,0.001098901098901099,1,910
339,2021-09-15 20:00:12,poxpf0,"What Are Your Moves Tomorrow, September 16, 2021",371,wallstreetbets,9261,Daily Discussion,1631736012.0,0.0,0,941
340,2021-09-16 10:00:19,ppab5b,"Daily Discussion Thread for September 16, 2021",236,wallstreetbets,10584,Daily Discussion,1631786419.0,0.0,0,834
341,2021-09-16 20:00:21,ppkudo,"What Are Your Moves Tomorrow, September 17, 2021",334,wallstreetbets,9508,Daily Discussion,1631822421.0,0.004581901489117984,4,873
342,2021-09-17 10:00:18,ppx8ia,"Daily Discussion Thread for September 17, 2021",304,wallstreetbets,12715,Daily Discussion,1631872818.0,0.006423982869379015,6,934
343,2021-09-19 20:00:18,prf993,"What Are Your Moves Tomorrow, September 20, 2021",326,wallstreetbets,10968,Daily Discussion,1632081618.0,0.003264417845484222,3,919
344,2021-09-20 09:00:16,prqy5e,"What Are Your Moves Tomorrow, September 21, 2021",3,wallstreetbets,13,Daily Discussion,1632128416.0,0.0010471204188481676,1,955
345,2021-09-20 09:00:16,prqy5j,"Daily Discussion Thread for September 20, 2021",468,wallstreetbets,20589,Daily Discussion,1632128416.0,0.0,0,6
346,2021-09-20 11:55:22,prtayr,"Daily Discussion Thread for {{date %B %d, %Y}}",1,wallstreetbets,0,Daily Discussion,1632138922.0,0.0010582010582010583,1,945
347,2021-09-21 10:00:18,psfnmf,"Daily Discussion Thread for September 21, 2021",318,wallstreetbets,12419,Daily Discussion,1632218418.0,0.001037344398340249,1,964
348,2021-09-22 10:00:15,pt48az,"Daily Discussion Thread for September 22, 2021",364,wallstreetbets,14343,Daily Discussion,1632304815.0,0.0,0,942
349,2021-09-23 10:00:17,ptrwt2,"Daily Discussion Thread for September 23, 2021",360,wallstreetbets,13777,Daily Discussion,1632391217.0,0.0010649627263045794,1,939
350,2021-09-24 10:00:22,pugkne,"Daily Discussion Thread for September 24, 2021",242,wallstreetbets,10878,Daily Discussion,1632477622.0,0.0011123470522803114,1,899
351,2021-09-27 10:00:19,pwduh8,"Daily Discussion Thread for September 27, 2021",307,wallstreetbets,10181,Daily Discussion,1632736819.0,0.0032397408207343412,3,926
352,2021-09-28 10:00:20,px31nw,"Daily Discussion Thread for September 28, 2021",286,wallstreetbets,15579,Daily Discussion,1632823220.0,,0,0
353,2021-09-29 10:00:16,pxs6br,"Daily Discussion Thread for September 29, 2021",274,wallstreetbets,10866,Daily Discussion,1632909616.0,0.0,0,939
354,2021-09-30 10:00:18,pygmgc,"Daily Discussion Thread for September 30, 2021",271,wallstreetbets,12514,Daily Discussion,1632996018.0,0.0,0,926
355,2021-10-01 10:00:19,pz4ta4,"Daily Discussion Thread for October 01, 2021",249,wallstreetbets,11990,Daily Discussion,1633082419.0,0.0010615711252653928,1,942
356,2021-10-04 10:00:18,q12dpj,"Daily Discussion Thread for October 04, 2021",297,wallstreetbets,14218,Daily Discussion,1633341618.0,0.0010706638115631692,1,934
357,2021-10-05 10:00:16,q1t7nc,"Daily Discussion Thread for October 05, 2021",228,wallstreetbets,10690,Daily Discussion,1633428016.0,0.0032967032967032967,3,910
358,2021-10-06 10:00:23,q2h9uz,"Daily Discussion Thread for October 06, 2021",258,wallstreetbets,11959,Daily Discussion,1633514423.0,0.0,0,931
359,2021-10-07 10:00:20,q35qc8,"Daily Discussion Thread for October 07, 2021",263,wallstreetbets,10961,Daily Discussion,1633600820.0,0.0,0,944
360,2021-10-08 10:00:16,q3umur,"Daily Discussion Thread for October 08, 2021",195,wallstreetbets,10464,Daily Discussion,1633687216.0,0.0021645021645021645,2,924
361,2021-10-11 10:00:19,q5sih9,"Daily Discussion Thread for October 11, 2021",251,wallstreetbets,9140,Daily Discussion,1633946419.0,0.007865168539325843,7,890
362,2021-10-12 10:00:21,q6iqma,"Daily Discussion Thread for October 12, 2021",206,wallstreetbets,9566,Daily Discussion,1634032821.0,0.028026905829596414,25,892
363,2021-10-13 10:00:21,q77v1k,"Daily Discussion Thread for October 13, 2021",247,wallstreetbets,10740,Daily Discussion,1634119221.0,0.01933404940923738,18,931
364,2021-10-14 10:00:21,q7wkcn,"Daily Discussion Thread for October 14, 2021",235,wallstreetbets,10073,Daily Discussion,1634205621.0,0.006644518272425249,6,903
365,2021-10-15 10:00:18,q8l7gz,"Daily Discussion Thread for October 15, 2021",177,wallstreetbets,9343,Daily Discussion,1634292018.0,0.0045351473922902496,4,882
366,2021-10-18 10:00:24,qajk42,"Daily Discussion Thread for October 18, 2021",261,wallstreetbets,9328,Daily Discussion,1634551224.0,0.006600660066006601,6,909
367,2021-10-19 10:00:18,qb89rl,"Daily Discussion Thread for October 19, 2021",246,wallstreetbets,10505,Daily Discussion,1634637618.0,0.01993704092339979,19,953
368,2021-10-20 10:00:14,qbxd7v,"Daily Discussion Thread for October 20, 2021",239,wallstreetbets,9795,Daily Discussion,1634724014.0,0.008438818565400843,8,948
369,2021-10-21 10:00:16,qcoczz,"Daily Discussion Thread for October 21, 2021",294,wallstreetbets,11215,Daily Discussion,1634810416.0,0.009625668449197862,9,935
370,2021-10-22 10:00:16,qddlkc,"Daily Discussion Thread for October 22, 2021",435,wallstreetbets,18236,Daily Discussion,1634896816.0,0.005422993492407809,5,922
371,2021-10-25 10:00:16,qfdc03,"Daily Discussion Thread for October 25, 2021",415,wallstreetbets,13828,Daily Discussion,1635156016.0,0.008429926238145416,8,949
372,2021-10-26 10:00:18,qg31bx,"Daily Discussion Thread for October 26, 2021",344,wallstreetbets,15392,Daily Discussion,1635242418.0,0.026511134676564158,25,943
373,2021-10-27 10:00:22,qgt5w7,"Daily Discussion Thread for October 27, 2021",242,wallstreetbets,11544,Daily Discussion,1635328822.0,0.004296455424274973,4,931
374,2021-10-28 10:00:14,qhjkuz,"Daily Discussion Thread for October 28, 2021",301,wallstreetbets,12341,Daily Discussion,1635415214.0,0.0032858707557502738,3,913
375,2021-10-29 10:00:26,qi9clo,"Daily Discussion Thread for October 29, 2021",267,wallstreetbets,12173,Daily Discussion,1635501626.0,0.0021436227224008574,2,933
376,2021-11-01 10:00:21,qkanjp,"Daily Discussion Thread for November 01, 2021",341,wallstreetbets,11648,Daily Discussion,1635760821.0,0.10217391304347827,94,920
377,2021-11-02 10:00:17,ql0v5g,"Daily Discussion Thread for November 02, 2021",296,wallstreetbets,13993,Daily Discussion,1635847217.0,0.09564293304994687,90,941
378,2021-11-03 10:00:17,qlr721,"Daily Discussion Thread for November 03, 2021",370,wallstreetbets,15963,Daily Discussion,1635933617.0,0.02536997885835095,24,946
379,2021-11-04 10:00:14,qmh95a,"Daily Discussion Thread for November 04, 2021",336,wallstreetbets,15957,Daily Discussion,1636020014.0,0.014973262032085561,14,935
380,2021-11-05 10:00:15,qn7rh0,"Daily Discussion Thread for November 05, 2021",307,wallstreetbets,14469,Daily Discussion,1636106415.0,0.011554621848739496,11,952
381,2021-11-08 11:00:14,qpb8yh,"Daily Discussion Thread for November 08, 2021",400,wallstreetbets,14788,Daily Discussion,1636369214.0,0.009533898305084746,9,944
382,2021-11-09 11:00:16,qq19w5,"Daily Discussion Thread for November 09, 2021",444,wallstreetbets,17234,Daily Discussion,1636455616.0,0.009544008483563097,9,943
383,2021-11-10 11:00:14,qqrw8d,"Daily Discussion Thread for November 10, 2021",367,wallstreetbets,18390,Daily Discussion,1636542014.0,0.0031380753138075313,3,956
384,2021-11-11 11:00:15,qritp2,"Daily Discussion Thread for November 11, 2021",274,wallstreetbets,12441,Daily Discussion,1636628415.0,0.008820286659316428,8,907
385,2021-11-12 11:00:15,qs8s63,"Daily Discussion Thread for November 12, 2021",247,wallstreetbets,11476,Daily Discussion,1636714815.0,0.004362050163576881,4,917
386,2021-11-15 11:00:19,qudxuq,"Daily Discussion Thread for November 15, 2021",303,wallstreetbets,11621,Daily Discussion,1636974019.0,0.008849557522123894,8,904
387,2021-11-16 11:00:16,qv5cg4,"Daily Discussion Thread for November 16, 2021",301,wallstreetbets,12506,Daily Discussion,1637060416.0,0.0021598272138228943,2,926
388,2021-11-17 11:00:16,qvwu4g,"Daily Discussion Thread for November 17, 2021",293,wallstreetbets,14239,Daily Discussion,1637146816.0,0.002173913043478261,2,920
389,2021-11-18 11:00:17,qwnc4a,"Daily Discussion Thread for November 18, 2021",313,wallstreetbets,13880,Daily Discussion,1637233217.0,0.0021119324181626186,2,947
390,2021-11-19 11:00:16,qxdv3x,"Daily Discussion Thread for November 19, 2021",236,wallstreetbets,12788,Daily Discussion,1637319616.0,0.08858057630736393,83,937
391,2021-11-22 11:00:13,qziyji,"Daily Discussion Thread for November 22, 2021",317,wallstreetbets,13697,Daily Discussion,1637578813.0,0.02903225806451613,27,930
392,2021-11-23 11:00:18,r0asp7,"Daily Discussion Thread for November 23, 2021",260,wallstreetbets,13166,Daily Discussion,1637665218.0,0.029882604055496264,28,937
393,2021-11-24 11:00:16,r12ms8,"Daily Discussion Thread for November 24, 2021",220,wallstreetbets,10939,Daily Discussion,1637751616.0,0.00995575221238938,9,904
394,2021-11-25 11:00:13,r1u53o,"Daily Discussion Thread for November 25th, 2021, Turkey Day",378,wallstreetbets,14491,Daily Discussion,1637838013.0,0.0,0,906
395,2021-11-26 11:00:22,r2kpzy,"Daily Discussion Thread for November 26, 2021",295,wallstreetbets,11477,Daily Discussion,1637924422.0,0.008592910848549946,8,931
396,2021-11-29 11:00:14,r4tfha,"Daily Discussion Thread for November 29, 2021",324,wallstreetbets,10626,Daily Discussion,1638183614.0,0.005319148936170213,5,940
397,2021-11-30 11:00:17,r5kuzn,"Daily Discussion Thread for November 30, 2021",293,wallstreetbets,15970,Daily Discussion,1638270017.0,0.0072992700729927005,7,959
398,2021-12-01 11:00:19,r6c8u6,"Daily Discussion Thread for December 01, 2021",337,wallstreetbets,16551,Daily Discussion,1638356419.0,0.005192107995846314,5,963
399,2021-12-02 11:00:15,r7505w,"Daily Discussion Thread for December 02, 2021",265,wallstreetbets,15010,Daily Discussion,1638442815.0,0.003194888178913738,3,939
400,2021-12-03 11:00:18,r7wo5m,"Daily Discussion Thread for December 03, 2021",354,wallstreetbets,19935,Daily Discussion,1638529218.0,0.006514657980456026,6,921
401,2021-12-06 11:00:25,ra4qvi,"Daily Discussion Thread for December 06, 2021",301,wallstreetbets,13335,Daily Discussion,1638788425.0,0.011727078891257996,11,938
402,2021-12-07 11:00:20,rawn4n,"Daily Discussion Thread for December 07, 2021",287,wallstreetbets,13026,Daily Discussion,1638874820.0,0.006276150627615063,6,956
403,2021-12-08 11:00:19,rbov18,"Daily Discussion Thread for December 08, 2021",244,wallstreetbets,11926,Daily Discussion,1638961219.0,0.028662420382165606,27,942
404,2021-12-09 11:00:11,rcfcod,"Daily Discussion Thread for December 09, 2021",235,wallstreetbets,12662,Daily Discussion,1639047611.0,0.010559662090813094,10,947
405,2021-12-10 11:00:16,rd68ig,"Daily Discussion Thread for December 10, 2021",240,wallstreetbets,13615,Daily Discussion,1639134016.0,0.030303030303030304,27,891
406,2021-12-13 11:00:17,rfd84z,"Daily Discussion Thread for December 13, 2021",281,wallstreetbets,13003,Daily Discussion,1639393217.0,0.04878048780487805,44,902
407,2021-12-14 11:00:12,rg53un,"Daily Discussion Thread for December 14, 2021",236,wallstreetbets,14210,Daily Discussion,1639479612.0,0.029850746268656716,28,938
408,2021-12-15 11:00:15,rgwk0q,"Daily Discussion Thread for December 15, 2021",265,wallstreetbets,17937,Daily Discussion,1639566015.0,0.008385744234800839,8,954
409,2021-12-16 11:00:12,rhofmp,"Daily Discussion Thread for December 16, 2021",309,wallstreetbets,15922,Daily Discussion,1639652412.0,0.005219206680584551,5,958
410,2021-12-17 11:00:19,rif0ad,"Daily Discussion Thread for December 17, 2021",268,wallstreetbets,13622,Daily Discussion,1639738819.0,0.008492569002123142,8,942
411,2021-12-20 11:00:20,rkkryz,"Daily Discussion Thread for December 20, 2021",293,wallstreetbets,13611,Daily Discussion,1639998020.0,0.0031982942430703624,3,938
412,2021-12-21 11:00:16,rlcarj,"Daily Discussion Thread for December 21, 2021",214,wallstreetbets,13270,Daily Discussion,1640084416.0,0.0031779661016949155,3,944
413,2021-12-22 11:00:25,rm2vyr,"Daily Discussion Thread for December 22, 2021",211,wallstreetbets,9781,Daily Discussion,1640170825.0,0.0032017075773745998,3,937
414,2021-12-23 11:00:20,rmt9nk,"Daily Discussion Thread for December 23, 2021",182,wallstreetbets,9445,Daily Discussion,1640257220.0,0.004282655246252677,4,934
415,2021-12-27 11:00:17,rpl3lv,"Daily Discussion Thread for December 27, 2021",230,wallstreetbets,8190,Daily Discussion,1640602817.0,0.004305705059203444,4,929
416,2021-12-28 11:00:11,rqdcs6,"Daily Discussion Thread for December 28, 2021",237,wallstreetbets,9027,Daily Discussion,1640689211.0,0.018201284796573874,17,934
417,2021-12-29 11:00:20,rr5mi3,"Daily Discussion Thread for December 29, 2021",188,wallstreetbets,9684,Daily Discussion,1640775620.0,0.010615711252653927,10,942
418,2021-12-30 11:00:21,rrz70p,"Daily Discussion Thread for December 30, 2021",190,wallstreetbets,9753,Daily Discussion,1640862021.0,0.006458557588805167,6,929
