title,score,id,subreddit,num_comments,link_flair_text,created,datetime,NumberOfMentions,NumberOfComments
"What Are Your Moves Tomorrow, December 31, 2020",299,knapes,wallstreetbets,15639,Daily Discussion,1609390811.0,2020-12-31 05:00:11,57,1000
"Daily Discussion Thread for December 30, 2020",352,kn09ji,wallstreetbets,18562,Daily Discussion,1609354817.0,2020-12-30 19:00:17,104,1000
"What Are Your Moves Tomorrow, December 30, 2020",346,kmmuco,wallstreetbets,17534,Daily Discussion,1609304416.0,2020-12-30 05:00:16,36,1000
"Daily Discussion Thread for December 29, 2020",352,kmcawr,wallstreetbets,24324,Daily Discussion,1609268411.0,2020-12-29 19:00:11,88,1000
"What Are Your Moves Tomorrow, December 29, 2020",417,klyw9y,wallstreetbets,18912,Daily Discussion,1609218012.0,2020-12-29 05:00:12,45,1000
"Daily Discussion Thread for December 28, 2020",389,klohcs,wallstreetbets,22188,Daily Discussion,1609182013.0,2020-12-28 19:00:13,160,1000
"What Are Your Moves Tomorrow, December 28, 2020",457,klbdqg,wallstreetbets,19600,Daily Discussion,1609131615.0,2020-12-28 05:00:15,100,1000
"Daily Discussion Thread for December 24, 2020",328,kjdkdk,wallstreetbets,22496,Daily Discussion,1608836413.0,2020-12-24 19:00:13,89,1000
"What Are Your Moves Tomorrow, December 24, 2020",431,kj17ga,wallstreetbets,17848,Daily Discussion,1608786023.0,2020-12-24 05:00:23,83,1000
"Daily Discussion Thread for December 23, 2020",397,kir3c3,wallstreetbets,23947,Daily Discussion,1608750015.0,2020-12-23 19:00:15,429,1000
"What Are Your Moves Tomorrow, December 23, 2020",422,kidz5v,wallstreetbets,23695,Daily Discussion,1608699612.0,2020-12-23 05:00:12,111,1000
"Daily Discussion Thread for December 22, 2020",396,ki3745,wallstreetbets,26846,Daily Discussion,1608663615.0,2020-12-22 19:00:15,383,1000
"What Are Your Moves Tomorrow, December 22, 2020",428,khq3x2,wallstreetbets,21902,Daily Discussion,1608613214.0,2020-12-22 05:00:14,28,1000
"Daily Discussion Thread for December 21, 2020",396,khf71h,wallstreetbets,26769,Daily Discussion,1608577214.0,2020-12-21 19:00:14,42,1000
"What Are Your Moves Tomorrow, December 21, 2020",476,kh27t0,wallstreetbets,21884,Daily Discussion,1608526813.0,2020-12-21 05:00:13,10,1000
"Daily Discussion Thread for December 18, 2020",330,kfj3tm,wallstreetbets,26188,Daily Discussion,1608318016.0,2020-12-18 19:00:16,107,1000
"What Are Your Moves Tomorrow, December 18, 2020",338,kf65et,wallstreetbets,19279,Daily Discussion,1608267613.0,2020-12-18 05:00:13,13,1000
"Daily Discussion Thread for December 17, 2020",313,kevfhc,wallstreetbets,21909,Daily Discussion,1608231616.0,2020-12-17 19:00:16,83,1000
"What Are Your Moves Tomorrow, December 17, 2020",372,kehugd,wallstreetbets,18729,Daily Discussion,1608181214.0,2020-12-17 05:00:14,15,1000
"Daily Discussion Thread for December 16, 2020",336,ke77bd,wallstreetbets,21774,Daily Discussion,1608145216.0,2020-12-16 19:00:16,23,1000
"What Are Your Moves Tomorrow, December 16, 2020",425,kdue98,wallstreetbets,18781,Daily Discussion,1608094814.0,2020-12-16 05:00:14,21,1000
"Daily Discussion Thread for December 15, 2020",342,kdjq0q,wallstreetbets,20946,Daily Discussion,1608058816.0,2020-12-15 19:00:16,94,1000
"What Are Your Moves Tomorrow, December 15, 2020",370,kd6fsb,wallstreetbets,16466,Daily Discussion,1608008418.0,2020-12-15 05:00:18,12,1000
"Daily Discussion Thread for December 14, 2020",346,kcvkwx,wallstreetbets,22973,Daily Discussion,1607972414.0,2020-12-14 19:00:14,45,1000
"What Are Your Moves Tomorrow, December 14, 2020",477,kcioej,wallstreetbets,17049,Daily Discussion,1607922011.0,2020-12-14 05:00:11,11,1000
"Daily Discussion Thread for December 11, 2020",344,kb0pf8,wallstreetbets,23978,Daily Discussion,1607713218.0,2020-12-11 19:00:18,8,1000
"What Are Your Moves Tomorrow, December 11, 2020",375,kao3f8,wallstreetbets,19553,Daily Discussion,1607662811.0,2020-12-11 05:00:11,8,1000
"Daily Discussion Thread for December 10, 2020",401,kadem4,wallstreetbets,27758,Daily Discussion,1607626814.0,2020-12-10 19:00:14,26,1000
"What Are Your Moves Tomorrow, December 10, 2020",455,ka0k7i,wallstreetbets,20504,Daily Discussion,1607576411.0,2020-12-10 05:00:11,22,1000
"Daily Discussion Thread for December 09, 2020",414,k9pwht,wallstreetbets,33518,Daily Discussion,1607540413.0,2020-12-09 19:00:13,32,1000
"What Are Your Moves Tomorrow, December 09, 2020",487,k9cx1r,wallstreetbets,21063,Daily Discussion,1607490011.0,2020-12-09 05:00:11,221,1000
"Daily Discussion Thread for December 08, 2020",408,k92ab0,wallstreetbets,28108,Daily Discussion,1607454016.0,2020-12-08 19:00:16,131,1000
"What Are Your Moves Tomorrow, December 08, 2020",470,k8pdg8,wallstreetbets,22294,Daily Discussion,1607403623.0,2020-12-08 05:00:23,50,1000
"Daily Discussion Thread for December 07, 2020",417,k8el96,wallstreetbets,25722,Daily Discussion,1607367612.0,2020-12-07 19:00:12,48,1000
"What Are Your Moves Tomorrow, December 07, 2020",415,k823sl,wallstreetbets,16707,Daily Discussion,1607317624.0,2020-12-07 05:07:04,51,1000
"Daily Discussion Thread for December 04, 2020",359,k6j06n,wallstreetbets,23439,Daily Discussion,1607109021.0,2020-12-04 19:10:21,92,1000
"Daily Discussion Thread for December 03, 2020",366,k5vaj4,wallstreetbets,25114,Daily Discussion,1607022569.0,2020-12-03 19:09:29,35,1000
"What Are Your Moves Tomorrow, December 03, 2020",368,k5ifwd,wallstreetbets,21361,Daily Discussion,1606972012.0,2020-12-03 05:06:52,48,1000
"Daily Discussion Thread for December 02, 2020",381,k57d6a,wallstreetbets,27478,Daily Discussion,1606936245.0,2020-12-02 19:10:45,48,1000
"What Are Your Moves Tomorrow, December 02, 2020",428,k4u5f8,wallstreetbets,21388,Daily Discussion,1606885633.0,2020-12-02 05:07:13,52,1000
"Daily Discussion Thread for December 01, 2020",450,k4ixya,wallstreetbets,29694,Daily Discussion,1606849888.0,2020-12-01 19:11:28,96,1000
"What Are Your Moves Tomorrow, December 01, 2020",446,k459ll,wallstreetbets,22869,Daily Discussion,1606799234.0,2020-12-01 05:07:14,106,1000
"Daily Discussion Thread for November 30, 2020",520,k3twiv,wallstreetbets,33389,Daily Discussion,1606763537.0,2020-11-30 19:12:17,221,1000
"What Are Your Moves Tomorrow, November 30, 2020",444,k3hbyu,wallstreetbets,21611,Daily Discussion,1606712821.0,2020-11-30 05:07:01,161,1000
"Daily Discussion Thread for November 27, 2020",577,k1zap5,wallstreetbets,29778,Daily Discussion,1606504241.0,2020-11-27 19:10:41,15,1000
"What Are Your Moves Tomorrow, November 27, 2020",489,k1nek9,wallstreetbets,18489,Daily Discussion,1606453587.0,2020-11-27 05:06:27,15,1000
"Daily Discussion Thread for November 26, 2020",192,k1dfo8,wallstreetbets,9165,Daily Discussion,1606417782.0,2020-11-26 19:09:42,13,1000
"What Are Your Moves Tomorrow, November 26, 2020",343,k10wlp,wallstreetbets,15769,Daily Discussion,1606367215.0,2020-11-26 05:06:55,22,1000
"Daily Discussion Thread for November 25, 2020",460,k0qaqw,wallstreetbets,34379,Daily Discussion,1606331424.0,2020-11-25 19:10:24,7,1000
"What Are Your Moves Tomorrow, November 25, 2020",404,k0dsbn,wallstreetbets,22487,Daily Discussion,1606280793.0,2020-11-25 05:06:33,9,1000
"Daily Discussion Thread for November 24, 2020",441,k03375,wallstreetbets,29877,Daily Discussion,1606244969.0,2020-11-24 19:09:29,3,1000
"What Are Your Moves Tomorrow, November 24, 2020",380,jzqior,wallstreetbets,21823,Daily Discussion,1606194430.0,2020-11-24 05:07:10,7,1000
"Daily Discussion Thread for November 23, 2020",296,jzfrez,wallstreetbets,24479,Daily Discussion,1606158720.0,2020-11-23 19:12:00,8,1000
"What Are Your Moves Tomorrow, November 23, 2020",289,jz3jk7,wallstreetbets,14761,Daily Discussion,1606108031.0,2020-11-23 05:07:11,7,1000
"Daily Discussion Thread for November 20, 2020",262,jxn70w,wallstreetbets,19756,Daily Discussion,1605899438.0,2020-11-20 19:10:38,15,1000
"What Are Your Moves Tomorrow, November 20, 2020",295,jxbaa0,wallstreetbets,16546,Daily Discussion,1605848782.0,2020-11-20 05:06:22,2,1000
"Daily Discussion Thread for November 19, 2020",275,jx0uml,wallstreetbets,20365,Daily Discussion,1605812954.0,2020-11-19 19:09:14,35,1000
"What Are Your Moves Tomorrow, November 19, 2020",273,jwoge4,wallstreetbets,16301,Daily Discussion,1605762415.0,2020-11-19 05:06:55,1,1000
"Daily Discussion Thread for November 18, 2020",285,jwdx2r,wallstreetbets,23071,Daily Discussion,1605726644.0,2020-11-18 19:10:44,2,1000
"What Are Your Moves Tomorrow, November 18, 2020",278,jw1hwf,wallstreetbets,17688,Daily Discussion,1605675993.0,2020-11-18 05:06:33,2,1000
"Daily Discussion Thread for November 17, 2020",253,jvr81t,wallstreetbets,24206,Daily Discussion,1605640162.0,2020-11-17 19:09:22,0,1000
"What Are Your Moves Tomorrow, November 17, 2020",290,jvf737,wallstreetbets,16706,Daily Discussion,1605589620.0,2020-11-17 05:07:00,6,1000
"Daily Discussion Thread for November 16, 2020",266,jv52hs,wallstreetbets,19270,Daily Discussion,1605553914.0,2020-11-16 19:11:54,29,1000
"What Are Your Moves Tomorrow, November 16, 2020",272,jutjob,wallstreetbets,14248,Daily Discussion,1605503229.0,2020-11-16 05:07:09,3,1000
"Daily Discussion Thread for November 13, 2020",270,jtf81v,wallstreetbets,23026,Daily Discussion,1605294646.0,2020-11-13 19:10:46,1,1000
"What Are Your Moves Tomorrow, November 13, 2020",267,jt38hy,wallstreetbets,15430,Daily Discussion,1605243989.0,2020-11-13 05:06:29,3,1000
"Daily Discussion Thread for November 12, 2020",236,jssu2g,wallstreetbets,20924,Daily Discussion,1605208157.0,2020-11-12 19:09:17,3,1000
"What Are Your Moves Tomorrow, November 12, 2020",256,jsfm2o,wallstreetbets,15964,Daily Discussion,1605153997.0,2020-11-12 04:06:37,10,1000
"Daily Discussion Thread for November 11, 2020",222,js5m7m,wallstreetbets,14746,Daily Discussion,1605118276.0,2020-11-11 18:11:16,11,1000
"What Are Your Moves Tomorrow, November 11, 2020",267,jrsf0h,wallstreetbets,17076,Daily Discussion,1605067579.0,2020-11-11 04:06:19,8,1000
"Daily Discussion Thread for November 10, 2020",267,jriieh,wallstreetbets,19066,Daily Discussion,1605031914.0,2020-11-10 18:11:54,4,1000
"What Are Your Moves Tomorrow, November 10, 2020",301,jr55w9,wallstreetbets,18671,Daily Discussion,1604981204.0,2020-11-10 04:06:44,2,1000
"Daily Discussion Thread for November 09, 2020",406,jqv478,wallstreetbets,26624,Daily Discussion,1604945714.0,2020-11-09 18:15:14,3,1000
"What Are Your Moves Tomorrow, November 09, 2020",277,jqihje,wallstreetbets,14924,Daily Discussion,1604894829.0,2020-11-09 04:07:09,7,1000
"What Are Your Moves Tomorrow, November 05, 2020",211,jo3vqg,wallstreetbets,11436,Daily Discussion,1604549201.0,2020-11-05 04:06:41,9,1000
"Daily Discussion Thread for November 04, 2020",192,jnu8gl,wallstreetbets,14258,Daily Discussion,1604513466.0,2020-11-04 18:11:06,9,1000
"What Are Your Moves Tomorrow, November 04, 2020",285,jnhpwk,wallstreetbets,17461,Daily Discussion,1604462784.0,2020-11-04 04:06:24,8,1000
"Daily Discussion Thread for November 03, 2020",194,jn7ua1,wallstreetbets,15659,Daily Discussion,1604427114.0,2020-11-03 18:11:54,9,1000
"What Are Your Moves Tomorrow, November 03, 2020",301,jmv1ax,wallstreetbets,14410,Daily Discussion,1604376430.0,2020-11-03 04:07:10,7,1000
"Daily Discussion Thread for November 02, 2020",257,jmkz1s,wallstreetbets,14062,Daily Discussion,1604340951.0,2020-11-02 18:15:51,7,1000
"What Are Your Moves Tomorrow, November 02, 2020",285,jm90l6,wallstreetbets,13237,Daily Discussion,1604290045.0,2020-11-02 04:07:25,1,1000
"Daily Discussion Thread for October 30, 2020",284,jku4jx,wallstreetbets,21125,Daily Discussion,1604081662.0,2020-10-30 18:14:22,12,1000
"What Are Your Moves Tomorrow, October 30, 2020",273,jkhkw8,wallstreetbets,20786,Daily Discussion,1604030789.0,2020-10-30 04:06:29,4,1000
"Daily Discussion Thread for October 29, 2020",261,jk7d6g,wallstreetbets,19389,Daily Discussion,1603995021.0,2020-10-29 18:10:21,7,1000
"What Are Your Moves Tomorrow, October 29, 2020",287,jjva2o,wallstreetbets,15040,Daily Discussion,1603944402.0,2020-10-29 04:06:42,11,1000
"Daily Discussion Thread for October 28, 2020",271,jjl2qm,wallstreetbets,21859,Daily Discussion,1603908673.0,2020-10-28 18:11:13,11,1000
"What Are Your Moves Tomorrow, October 28, 2020",202,jj8qq0,wallstreetbets,14069,Daily Discussion,1603857985.0,2020-10-28 04:06:25,14,1000
"Daily Discussion Thread for October 27, 2020",237,jiyfu2,wallstreetbets,14285,Daily Discussion,1603822334.0,2020-10-27 18:12:14,42,1000
"What Are Your Moves Tomorrow, October 27, 2020",246,jim3g5,wallstreetbets,11935,Daily Discussion,1603771613.0,2020-10-27 04:06:53,25,1000
"Daily Discussion Thread for October 26, 2020",229,jibzmg,wallstreetbets,17625,Daily Discussion,1603736144.0,2020-10-26 18:15:44,27,1000
"What Are Your Moves Tomorrow, October 26, 2020",217,ji04iv,wallstreetbets,9158,Daily Discussion,1603685260.0,2020-10-26 04:07:40,19,1000
"Daily Discussion Thread for October 23, 2020",176,jgkeqo,wallstreetbets,12830,Daily Discussion,1603476859.0,2020-10-23 18:14:19,28,1000
"What Are Your Moves Tomorrow, October 23, 2020",253,jg7eyd,wallstreetbets,18133,Daily Discussion,1603425988.0,2020-10-23 04:06:28,10,1000
"Daily Discussion Thread for October 22, 2020",219,jfwwhm,wallstreetbets,16646,Daily Discussion,1603390208.0,2020-10-22 18:10:08,69,1000
"What Are Your Moves Tomorrow, October 19, 2020",296,jdn96b,wallstreetbets,11665,Daily Discussion,1603080426.0,2020-10-19 04:07:06,14,1000
"Daily Discussion Thread for October 16, 2020",275,jc7ao5,wallstreetbets,15984,Daily Discussion,1602872079.0,2020-10-16 18:14:39,40,1000
"What Are Your Moves Tomorrow, October 16, 2020",275,jbv6u4,wallstreetbets,14562,Daily Discussion,1602821201.0,2020-10-16 04:06:41,42,1000
"Daily Discussion Thread for October 15, 2020",283,jbktdv,wallstreetbets,18425,Daily Discussion,1602785439.0,2020-10-15 18:10:39,184,1000
"What Are Your Moves Tomorrow, October 15, 2020",245,jb8eqw,wallstreetbets,17895,Daily Discussion,1602734823.0,2020-10-15 04:07:03,11,1000
"Daily Discussion Thread for October 14, 2020",270,jaxxuj,wallstreetbets,16220,Daily Discussion,1602699117.0,2020-10-14 18:11:57,19,1000
"What Are Your Moves Tomorrow, October 14, 2020",234,jalaq5,wallstreetbets,13222,Daily Discussion,1602648391.0,2020-10-14 04:06:31,61,1000
"Daily Discussion Thread for October 13, 2020",270,jaaj59,wallstreetbets,20436,Daily Discussion,1602612719.0,2020-10-13 18:11:59,9,1000
"What Are Your Moves Tomorrow, October 13, 2020",295,j9yfxe,wallstreetbets,13534,Daily Discussion,1602562019.0,2020-10-13 04:06:59,12,1000
"Daily Discussion Thread for October 12, 2020",268,j9obtn,wallstreetbets,18223,Daily Discussion,1602526530.0,2020-10-12 18:15:30,27,1000
"What Are Your Moves Tomorrow, October 12, 2020",231,j9cghm,wallstreetbets,9975,Daily Discussion,1602475641.0,2020-10-12 04:07:21,34,1000
"Daily Discussion Thread for October 09, 2020",233,j7wdaz,wallstreetbets,16929,Daily Discussion,1602267276.0,2020-10-09 18:14:36,296,1000
"What Are Your Moves Tomorrow, October 09, 2020",238,j7kf7w,wallstreetbets,13854,Daily Discussion,1602216390.0,2020-10-09 04:06:30,329,1000
"Daily Discussion Thread for October 08, 2020",255,j7agfu,wallstreetbets,17487,Daily Discussion,1602180605.0,2020-10-08 18:10:05,98,1000
"What Are Your Moves Tomorrow, October 08, 2020",275,j6ybvz,wallstreetbets,17354,Daily Discussion,1602130023.0,2020-10-08 04:07:03,2,1000
"Daily Discussion Thread for October 07, 2020",272,j6o9s8,wallstreetbets,17527,Daily Discussion,1602094297.0,2020-10-07 18:11:37,0,1000
"What Are Your Moves Tomorrow, October 07, 2020",391,j6chf4,wallstreetbets,20841,Daily Discussion,1602043624.0,2020-10-07 04:07:04,1,1000
"Daily Discussion Thread for October 06, 2020",269,j62ihd,wallstreetbets,22308,Daily Discussion,1602008011.0,2020-10-06 18:13:31,0,1000
"What Are Your Moves Tomorrow, October 06, 2020",297,j5qsww,wallstreetbets,13039,Daily Discussion,1601957240.0,2020-10-06 04:07:20,1,1000
"Daily Discussion Thread for October 05, 2020",272,j5guae,wallstreetbets,14857,Daily Discussion,1601921737.0,2020-10-05 18:15:37,1,1000
"What Are Your Moves Tomorrow, October 05, 2020",292,j55kuy,wallstreetbets,12874,Daily Discussion,1601870831.0,2020-10-05 04:07:11,1,1000
"Daily Discussion Thread for October 02, 2020",297,j3rz7r,wallstreetbets,21716,Daily Discussion,1601662472.0,2020-10-02 18:14:32,0,1000
"What Are Your Moves Tomorrow, October 02, 2020",326,j3g70c,wallstreetbets,20869,Daily Discussion,1601611647.0,2020-10-02 04:07:27,1,1000
"Daily Discussion Thread for October 01, 2020",212,j35to3,wallstreetbets,17558,Daily Discussion,1601575962.0,2020-10-01 18:12:42,2,1000
"What Are Your Moves Tomorrow, October 01, 2020",50,j2tmk7,wallstreetbets,11575,Daily Discussion,1601525215.0,2020-10-01 04:06:55,3,1000
"Daily Discussion Thread for September 30, 2020",340,j2jg0e,wallstreetbets,18755,Daily Discussion,1601489498.0,2020-09-30 18:11:38,0,1000
"What Are Your Moves Tomorrow, September 30, 2020",354,j272rv,wallstreetbets,24210,Daily Discussion,1601438794.0,2020-09-30 04:06:34,2,1000
"Daily Discussion Thread for September 29, 2020",251,j1whna,wallstreetbets,14625,Daily Discussion,1601403131.0,2020-09-29 18:12:11,8,1000
"What Are Your Moves Tomorrow, September 29, 2020",255,j1jqk5,wallstreetbets,13339,Daily Discussion,1601352420.0,2020-09-29 04:07:00,2,1000
"Daily Discussion Thread for September 28, 2020",271,j19eqe,wallstreetbets,13848,Daily Discussion,1601316964.0,2020-09-28 18:16:04,5,1000
"What Are Your Moves Tomorrow, September 28, 2020",221,j0xvo5,wallstreetbets,10580,Daily Discussion,1601266039.0,2020-09-28 04:07:19,5,1000
"Daily Discussion Thread for September 25, 2020",234,izgxsw,wallstreetbets,15856,Daily Discussion,1601057670.0,2020-09-25 18:14:30,1,1000
"What Are Your Moves Tomorrow, September 25, 2020",253,iz4or4,wallstreetbets,14101,Daily Discussion,1601006790.0,2020-09-25 04:06:30,4,1000
"Daily Discussion Thread for September 24, 2020",274,iyuhw0,wallstreetbets,20094,Daily Discussion,1600971046.0,2020-09-24 18:10:46,0,1000
"What Are Your Moves Tomorrow, September 24, 2020",272,iyhxsc,wallstreetbets,16951,Daily Discussion,1600920407.0,2020-09-24 04:06:47,3,1000
"Daily Discussion Thread for September 23, 2020",270,iy7eev,wallstreetbets,20756,Daily Discussion,1600884705.0,2020-09-23 18:11:45,4,1000
"What Are Your Moves Tomorrow, September 23, 2020",384,ixv5mz,wallstreetbets,25562,Daily Discussion,1600833980.0,2020-09-23 04:06:20,6,1000
"What Are Your Moves Tomorrow, September 22, 2020",327,ix86q1,wallstreetbets,17628,Daily Discussion,1600747634.0,2020-09-22 04:07:14,2,1000
"Daily Discussion Thread for September 21, 2020",367,iwxowm,wallstreetbets,22569,Daily Discussion,1600712182.0,2020-09-21 18:16:22,0,1000
"What Are Your Moves Tomorrow, September 21, 2020",298,iwl5kb,wallstreetbets,15844,Daily Discussion,1600661233.0,2020-09-21 04:07:13,2,1000
"Daily Discussion Thread for September 18, 2020",250,iv3f4e,wallstreetbets,22400,Daily Discussion,1600452872.0,2020-09-18 18:14:32,2,1000
"What Are Your Moves Tomorrow, September 18, 2020",275,iur9s9,wallstreetbets,16006,Daily Discussion,1600401984.0,2020-09-18 04:06:24,3,1000
"Daily Discussion Thread for September 17, 2020",248,iugmeq,wallstreetbets,20887,Daily Discussion,1600366230.0,2020-09-17 18:10:30,4,1000
"What Are Your Moves Tomorrow, September 17, 2020",285,iu3i05,wallstreetbets,17845,Daily Discussion,1600315617.0,2020-09-17 04:06:57,11,1000
"Daily Discussion Thread for September 16, 2020",319,itspun,wallstreetbets,23908,Daily Discussion,1600279924.0,2020-09-16 18:12:04,7,1000
"What Are Your Moves Tomorrow, September 16, 2020",325,itgja2,wallstreetbets,16638,Daily Discussion,1600229178.0,2020-09-16 04:06:18,1,1000
"Daily Discussion Thread for September 15, 2020",299,it5xpg,wallstreetbets,21962,Daily Discussion,1600193548.0,2020-09-15 18:12:28,3,1000
"What Are Your Moves Tomorrow, September 15, 2020",292,issvr0,wallstreetbets,16282,Daily Discussion,1600142800.0,2020-09-15 04:06:40,0,1000
"Daily Discussion Thread for September 14, 2020",317,isi7v8,wallstreetbets,17177,Daily Discussion,1600107378.0,2020-09-14 18:16:18,0,1000
"What Are Your Moves Tomorrow, September 14, 2020",323,is5mrk,wallstreetbets,14431,Daily Discussion,1600056434.0,2020-09-14 04:07:14,1,1000
"Daily Discussion Thread for September 11, 2020",261,iqnsjz,wallstreetbets,20575,Daily Discussion,1599848086.0,2020-09-11 18:14:46,1,1000
"What Are Your Moves Tomorrow, September 11, 2020",293,iqb5ey,wallstreetbets,17767,Daily Discussion,1599797191.0,2020-09-11 04:06:31,1,1000
"Daily Discussion Thread for September 10, 2020",318,iq0jbk,wallstreetbets,23616,Daily Discussion,1599761435.0,2020-09-10 18:10:35,0,1000
"What Are Your Moves Tomorrow, September 10, 2020",330,ipnztr,wallstreetbets,17216,Daily Discussion,1599710804.0,2020-09-10 04:06:44,9,1000
"Daily Discussion Thread for September 09, 2020",335,ipd82q,wallstreetbets,18584,Daily Discussion,1599675265.0,2020-09-09 18:14:25,0,1000
"What Are Your Moves Tomorrow, September 09, 2020",382,ip118i,wallstreetbets,23345,Daily Discussion,1599624378.0,2020-09-09 04:06:18,2,1000
"Daily Discussion Thread for September 08, 2020",489,ioqzpq,wallstreetbets,28772,Daily Discussion,1599588709.0,2020-09-08 18:11:49,0,1000
"What Are Your Moves Tomorrow, September 08, 2020",381,ioezce,wallstreetbets,15249,Daily Discussion,1599538046.0,2020-09-08 04:07:26,0,1000
"Daily Discussion Thread for September 07, 2020",178,io4y60,wallstreetbets,7293,Daily Discussion,1599502604.0,2020-09-07 18:16:44,0,1000
"What Are Your Moves Tomorrow, September 07, 2020",280,insy88,wallstreetbets,10409,Daily Discussion,1599451625.0,2020-09-07 04:07:05,1,1000
"Daily Discussion Thread for September 04, 2020",434,imddo3,wallstreetbets,31637,Daily Discussion,1599243297.0,2020-09-04 18:14:57,0,1000
"What Are Your Moves Tomorrow, September 04, 2020",495,im129n,wallstreetbets,29411,Daily Discussion,1599192392.0,2020-09-04 04:06:32,1,1000
"Daily Discussion Thread for September 03, 2020",512,ilqp2l,wallstreetbets,39154,Daily Discussion,1599156660.0,2020-09-03 18:11:00,0,1000
"What Are Your Moves Tomorrow, September 03, 2020",409,ilege0,wallstreetbets,24886,Daily Discussion,1599105999.0,2020-09-03 04:06:39,1,1000
"Daily Discussion Thread for September 02, 2020",391,il43tr,wallstreetbets,33212,Daily Discussion,1599070319.0,2020-09-02 18:11:59,0,1000
"What Are Your Moves Tomorrow, September 02, 2020",365,ikrr8t,wallstreetbets,22473,Daily Discussion,1599019618.0,2020-09-02 04:06:58,1,1000
"Daily Discussion Thread for September 01, 2020",375,ikho51,wallstreetbets,29168,Daily Discussion,1598984072.0,2020-09-01 18:14:32,0,1000
"What Are Your Moves Tomorrow, September 01, 2020",384,ik5hmy,wallstreetbets,20480,Daily Discussion,1598933224.0,2020-09-01 04:07:04,1,1000
Daily Discussion Thread for 8/31/2020,440,ijw8ss,wallstreetbets,24812,Daily Discussion,1598902145.0,2020-08-31 19:29:05,5,1000
"What Are Your Moves Tomorrow, August 31, 2020",359,ijjh2p,wallstreetbets,15346,Daily Discussion,1598846831.0,2020-08-31 04:07:11,1,1000
"Daily Discussion Thread for August 28, 2020",258,ii4hau,wallstreetbets,21139,Daily Discussion,1598638484.0,2020-08-28 18:14:44,0,1000
"What Are Your Moves Tomorrow, August 28, 2020",331,ihsgsc,wallstreetbets,18200,Daily Discussion,1598587602.0,2020-08-28 04:06:42,1,1000
"Daily Discussion Thread for August 27, 2020",340,ihieiu,wallstreetbets,25475,Daily Discussion,1598551846.0,2020-08-27 18:10:46,0,1000
"What Are Your Moves Tomorrow, August 27, 2020",320,ih6bzk,wallstreetbets,16502,Daily Discussion,1598501210.0,2020-08-27 04:06:50,1,1000
"Daily Discussion Thread for August 26, 2020",277,igw84c,wallstreetbets,23627,Daily Discussion,1598465524.0,2020-08-26 18:12:04,0,1000
"What Are Your Moves Tomorrow, August 26, 2020",285,igjxsn,wallstreetbets,14624,Daily Discussion,1598414776.0,2020-08-26 04:06:16,0,1000
"Daily Discussion Thread for August 25, 2020",281,ig9cdo,wallstreetbets,18469,Daily Discussion,1598379163.0,2020-08-25 18:12:43,0,1000
"What Are Your Moves Tomorrow, August 25, 2020",321,ifwowm,wallstreetbets,15742,Daily Discussion,1598328429.0,2020-08-25 04:07:09,0,1000
"Daily Discussion Thread for August 24, 2020",326,ifmc59,wallstreetbets,20562,Daily Discussion,1598293011.0,2020-08-24 18:16:51,0,1000
"What Are Your Moves Tomorrow, August 24, 2020",338,ifa72q,wallstreetbets,13835,Daily Discussion,1598242027.0,2020-08-24 04:07:07,0,1000
"Daily Discussion Thread for August 21, 2020",280,idu461,wallstreetbets,20202,Daily Discussion,1598033713.0,2020-08-21 18:15:13,1,1000
"What Are Your Moves Tomorrow, August 21, 2020",261,idhs5y,wallstreetbets,13884,Daily Discussion,1597982834.0,2020-08-21 04:07:14,1,1000
"Daily Discussion Thread for August 20, 2020",257,id7lxj,wallstreetbets,19538,Daily Discussion,1597947101.0,2020-08-20 18:11:41,0,1000
"What Are Your Moves Tomorrow, August 20, 2020",243,icv9yx,wallstreetbets,15992,Daily Discussion,1597896394.0,2020-08-20 04:06:34,2,1000
"Daily Discussion Thread for August 19, 2020",241,ickxce,wallstreetbets,18146,Daily Discussion,1597860733.0,2020-08-19 18:12:13,0,1000
"What Are Your Moves Tomorrow, August 19, 2020",272,ic8lf0,wallstreetbets,12977,Daily Discussion,1597809977.0,2020-08-19 04:06:17,2,1000
"Daily Discussion Thread for August 18, 2020",230,iby9zj,wallstreetbets,18598,Daily Discussion,1597774360.0,2020-08-18 18:12:40,0,1000
"What Are Your Moves Tomorrow, August 18, 2020",222,iblrnn,wallstreetbets,13216,Daily Discussion,1597723629.0,2020-08-18 04:07:09,0,1000
"Daily Discussion Thread for August 17, 2020",228,ibbhcu,wallstreetbets,15892,Daily Discussion,1597688207.0,2020-08-17 18:16:47,1,1000
"What Are Your Moves Tomorrow, August 17, 2020",301,iazd39,wallstreetbets,10198,Daily Discussion,1597637236.0,2020-08-17 04:07:16,0,1000
"Daily Discussion Thread for August 14, 2020",234,i9jdiq,wallstreetbets,17835,Daily Discussion,1597428899.0,2020-08-14 18:14:59,0,1000
"What Are Your Moves Tomorrow, August 14, 2020",292,i977qn,wallstreetbets,17371,Daily Discussion,1597378017.0,2020-08-14 04:06:57,1,1000
"Daily Discussion Thread for August 13, 2020",280,i8xa70,wallstreetbets,20745,Daily Discussion,1597342249.0,2020-08-13 18:10:49,1,1000
"What Are Your Moves Tomorrow, August 13, 2020",284,i8l3ny,wallstreetbets,15708,Daily Discussion,1597291621.0,2020-08-13 04:07:01,0,1000
"Daily Discussion Thread for August 12, 2020",282,i8b56i,wallstreetbets,20094,Daily Discussion,1597255944.0,2020-08-12 18:12:24,1,1000
"What Are Your Moves Tomorrow, August 12, 2020",299,i7z0pb,wallstreetbets,20116,Daily Discussion,1597205190.0,2020-08-12 04:06:30,0,1000
"Daily Discussion Thread for August 11, 2020",300,i7p679,wallstreetbets,24685,Daily Discussion,1597169561.0,2020-08-11 18:12:41,0,1000
"What Are Your Moves Tomorrow, August 11, 2020",284,i7cgi4,wallstreetbets,17174,Daily Discussion,1597118823.0,2020-08-11 04:07:03,0,1000
"Daily Discussion Thread for August 10, 2020",318,i751vc,wallstreetbets,15003,Daily Discussion,1597095758.0,2020-08-10 21:42:38,0,1000
"What Are Your Moves Tomorrow, August 10, 2020",402,i6q5au,wallstreetbets,20615,Daily Discussion,1597032447.0,2020-08-10 04:07:27,0,1000
"Daily Discussion Thread for August 07, 2020",296,i5b9o9,wallstreetbets,24469,Daily Discussion,1596824109.0,2020-08-07 18:15:09,0,1000
"What Are Your Moves Tomorrow, August 07, 2020",312,i4z4q7,wallstreetbets,19219,Daily Discussion,1596773227.0,2020-08-07 04:07:07,1,1000
"Daily Discussion Thread for August 06, 2020",311,i4p4at,wallstreetbets,24838,Daily Discussion,1596737469.0,2020-08-06 18:11:09,0,1000
"What Are Your Moves Tomorrow, August 06, 2020",326,i4cr27,wallstreetbets,17509,Daily Discussion,1596686797.0,2020-08-06 04:06:37,0,1000
"Daily Discussion Thread for August 05, 2020",250,i42orx,wallstreetbets,21522,Daily Discussion,1596651163.0,2020-08-05 18:12:43,1,1000
"What Are Your Moves Tomorrow, August 05, 2020",335,i3qotz,wallstreetbets,19571,Daily Discussion,1596600379.0,2020-08-05 04:06:19,0,1000
"Daily Discussion Thread for August 04, 2020",361,i3gpgo,wallstreetbets,23524,Daily Discussion,1596564794.0,2020-08-04 18:13:14,0,1000
"What Are Your Moves Tomorrow, August 04, 2020",324,i34g5h,wallstreetbets,16368,Daily Discussion,1596514012.0,2020-08-04 04:06:52,1,1000
"What Are Your Moves Tomorrow, August 03, 2020",379,i2iqcm,wallstreetbets,12909,Daily Discussion,1596427643.0,2020-08-03 04:07:23,0,1000
"Daily Discussion Thread for July 31, 2020",299,i15376,wallstreetbets,21332,Daily Discussion,1596219349.0,2020-07-31 18:15:49,0,1000
"What Are Your Moves Tomorrow, July 31, 2020",339,i0t4tc,wallstreetbets,21943,Daily Discussion,1596168415.0,2020-07-31 04:06:55,0,1000
"Daily Discussion Thread for July 30, 2020",340,i0ji8h,wallstreetbets,26096,Daily Discussion,1596132643.0,2020-07-30 18:10:43,0,1000
"What Are Your Moves Tomorrow, July 30, 2020",317,i07nqx,wallstreetbets,16847,Daily Discussion,1596082026.0,2020-07-30 04:07:06,0,1000
"Daily Discussion Thread for July 29, 2020",302,hzy6my,wallstreetbets,24765,Daily Discussion,1596046400.0,2020-07-29 18:13:20,0,1000
"What Are Your Moves Tomorrow, July 29, 2020",306,hzlx0h,wallstreetbets,16843,Daily Discussion,1595995595.0,2020-07-29 04:06:35,1,1000
"Daily Discussion Thread for July 28, 2020",254,hzc3ko,wallstreetbets,18894,Daily Discussion,1595960004.0,2020-07-28 18:13:24,0,1000
"What Are Your Moves Tomorrow, July 28, 2020",332,hyzs0g,wallstreetbets,16483,Daily Discussion,1595909251.0,2020-07-28 04:07:31,0,1000
"Daily Discussion Thread for July 27, 2020",297,hyqt0p,wallstreetbets,16904,Daily Discussion,1595879357.0,2020-07-27 19:49:17,0,1000
"What Are Your Moves Tomorrow, July 27, 2020",322,hydr22,wallstreetbets,16075,Daily Discussion,1595822829.0,2020-07-27 04:07:09,0,1000
"Daily Discussion Thread for July 24, 2020",256,hwz949,wallstreetbets,20357,Daily Discussion,1595614544.0,2020-07-24 18:15:44,0,1000
"What Are Your Moves Tomorrow, July 24, 2020",257,hwn0fj,wallstreetbets,18901,Daily Discussion,1595563623.0,2020-07-24 04:07:03,0,1000
"Daily Discussion Thread for July 23, 2020",352,hwd4xj,wallstreetbets,24321,Daily Discussion,1595527878.0,2020-07-23 18:11:18,0,1000
"What Are Your Moves Tomorrow, July 23, 2020",335,hw11bf,wallstreetbets,19525,Daily Discussion,1595477212.0,2020-07-23 04:06:52,0,1000
"Daily Discussion Thread for July 22, 2020",304,hvr7i6,wallstreetbets,23104,Daily Discussion,1595441545.0,2020-07-22 18:12:25,0,1000
"What Are Your Moves Tomorrow, July 22, 2020",300,hveqed,wallstreetbets,17916,Daily Discussion,1595390794.0,2020-07-22 04:06:34,1,1000
"Daily Discussion Thread for July 21, 2020",293,hv4ux9,wallstreetbets,21634,Daily Discussion,1595355197.0,2020-07-21 18:13:17,0,1000
"What Are Your Moves Tomorrow, July 21, 2020",340,husn8s,wallstreetbets,17567,Daily Discussion,1595304420.0,2020-07-21 04:07:00,1,1000
"Daily Discussion Thread for July 20, 2020",275,huod7n,wallstreetbets,9387,Daily Discussion,1595291423.0,2020-07-21 00:30:23,0,1000
"What Are Your Moves Tomorrow, July 20, 2020",497,hu74gf,wallstreetbets,27190,Daily Discussion,1595218037.0,2020-07-20 04:07:17,1,1000
"Daily Discussion Thread for July 17, 2020",270,hst6nm,wallstreetbets,21638,Daily Discussion,1595009694.0,2020-07-17 18:14:54,0,1000
"What Are Your Moves Tomorrow, July 17, 2020",325,hsha5a,wallstreetbets,19556,Daily Discussion,1594958820.0,2020-07-17 04:07:00,1,1000
"Daily Discussion Thread for July 16, 2020",338,hs70w1,wallstreetbets,24508,Daily Discussion,1594923063.0,2020-07-16 18:11:03,0,1000
"What Are Your Moves Tomorrow, July 16, 2020",327,hruzcj,wallstreetbets,21883,Daily Discussion,1594872424.0,2020-07-16 04:07:04,0,1000
"Daily Discussion Thread for July 15, 2020",311,hrkzcb,wallstreetbets,26473,Daily Discussion,1594836742.0,2020-07-15 18:12:22,0,1000
"What Are Your Moves Tomorrow, July 15, 2020",337,hr8uhb,wallstreetbets,25168,Daily Discussion,1594785980.0,2020-07-15 04:06:20,0,1000
"Daily Discussion Thread for July 14, 2020",346,hqywzo,wallstreetbets,26451,Daily Discussion,1594750360.0,2020-07-14 18:12:40,0,1000
"What Are Your Moves Tomorrow, July 14, 2020",428,hqmoth,wallstreetbets,25134,Daily Discussion,1594699636.0,2020-07-14 04:07:16,0,1000
"Daily Discussion Thread for July 13, 2020",366,hqcqy1,wallstreetbets,34001,Daily Discussion,1594664152.0,2020-07-13 18:15:52,0,1000
"What Are Your Moves Tomorrow, July 13, 2020",365,hq11ao,wallstreetbets,17946,Daily Discussion,1594613227.0,2020-07-13 04:07:07,0,1000
"Daily Discussion Thread for July 10, 2020",282,homfbk,wallstreetbets,24598,Daily Discussion,1594404901.0,2020-07-10 18:15:01,0,1000
"What Are Your Moves Tomorrow, July 10, 2020",294,hoa9dp,wallstreetbets,20754,Daily Discussion,1594354020.0,2020-07-10 04:07:00,1,1000
"Daily Discussion Thread for July 09, 2020",330,ho0krw,wallstreetbets,26723,Daily Discussion,1594318253.0,2020-07-09 18:10:53,0,1000
"What Are Your Moves Tomorrow, July 09, 2020",307,hnofn2,wallstreetbets,18969,Daily Discussion,1594267618.0,2020-07-09 04:06:58,0,1000
"Daily Discussion Thread for July 08, 2020",296,hnegmj,wallstreetbets,24077,Daily Discussion,1594231915.0,2020-07-08 18:11:55,0,1000
"What Are Your Moves Tomorrow, July 08, 2020",293,hn1zzv,wallstreetbets,19206,Daily Discussion,1594181193.0,2020-07-08 04:06:33,0,1000
"Daily Discussion Thread for July 07, 2020",281,hmrv6e,wallstreetbets,23113,Daily Discussion,1594145556.0,2020-07-07 18:12:36,0,1000
"What Are Your Moves Tomorrow, July 07, 2020",295,hmfeen,wallstreetbets,19068,Daily Discussion,1594094811.0,2020-07-07 04:06:51,0,1000
"Daily Discussion Thread for July 06, 2020",337,hm51pm,wallstreetbets,20268,Daily Discussion,1594059390.0,2020-07-06 18:16:30,0,1000
"What Are Your Moves Tomorrow, July 06, 2020",310,hlt7rc,wallstreetbets,16569,Daily Discussion,1594008420.0,2020-07-06 04:07:00,0,1000
"Daily Discussion Thread for July 03, 2020",97,hkgjy6,wallstreetbets,6040,Daily Discussion,1593800083.0,2020-07-03 18:14:43,1,925
"What Are Your Moves Tomorrow, July 03, 2020",186,hk4c9t,wallstreetbets,9818,Daily Discussion,1593749217.0,2020-07-03 04:06:57,1,1000
"Daily Discussion Thread for July 02, 2020",230,hjudrj,wallstreetbets,22195,Daily Discussion,1593713434.0,2020-07-02 18:10:34,0,1000
"What Are Your Moves Tomorrow, July 02, 2020",275,hjhy1t,wallstreetbets,17763,Daily Discussion,1593662839.0,2020-07-02 04:07:19,0,1000
"Daily Discussion Thread for July 01, 2020",254,hj7ixd,wallstreetbets,21472,Daily Discussion,1593627240.0,2020-07-01 18:14:00,0,1000
"What Are Your Moves Tomorrow, July 01, 2020",278,hiv3zw,wallstreetbets,16999,Daily Discussion,1593576387.0,2020-07-01 04:06:27,0,1000
"Daily Discussion Thread for June 30, 2020",266,hikka1,wallstreetbets,21343,Daily Discussion,1593540707.0,2020-06-30 18:11:47,1,1000
"What Are Your Moves Tomorrow, June 30, 2020",325,hi7lau,wallstreetbets,17040,Daily Discussion,1593490037.0,2020-06-30 04:07:17,0,1000
"Daily Discussion Thread for June 29, 2020",308,hhxaym,wallstreetbets,20251,Daily Discussion,1593454542.0,2020-06-29 18:15:42,0,1000
"What Are Your Moves Tomorrow, June 29, 2020",395,hhle53,wallstreetbets,18547,Daily Discussion,1593403633.0,2020-06-29 04:07:13,0,1000
"Daily Discussion Thread for June 26, 2020",297,hg4wdd,wallstreetbets,29561,Daily Discussion,1593195284.0,2020-06-26 18:14:44,0,1000
"What Are Your Moves Tomorrow, June 26, 2020",277,hft4mc,wallstreetbets,19518,Daily Discussion,1593144429.0,2020-06-26 04:07:09,0,1000
"Daily Discussion Thread for June 25, 2020",324,hfjl3w,wallstreetbets,25497,Daily Discussion,1593108614.0,2020-06-25 18:10:14,0,1000
"What Are Your Moves Tomorrow, June 25, 2020",314,hf8cor,wallstreetbets,22187,Daily Discussion,1593058009.0,2020-06-25 04:06:49,1,1000
"Daily Discussion Thread for June 24, 2020",343,heyhlj,wallstreetbets,27705,Daily Discussion,1593022329.0,2020-06-24 18:12:09,0,1000
"What Are Your Moves Tomorrow, June 24, 2020",317,helxve,wallstreetbets,19857,Daily Discussion,1592971619.0,2020-06-24 04:06:59,1,1000
"Daily Discussion Thread for June 23, 2020",327,hebygw,wallstreetbets,22629,Daily Discussion,1592935919.0,2020-06-23 18:11:59,0,1000
"What Are Your Moves Tomorrow, June 23, 2020",313,hdzqai,wallstreetbets,22602,Daily Discussion,1592885221.0,2020-06-23 04:07:01,0,1000
"Daily Discussion Thread for June 22, 2020",325,hdpp7j,wallstreetbets,20206,Daily Discussion,1592849736.0,2020-06-22 18:15:36,2,1000
"What Are Your Moves Tomorrow, June 22, 2020",350,hddjo5,wallstreetbets,17497,Daily Discussion,1592798836.0,2020-06-22 04:07:16,0,1000
"Daily Discussion Thread for June 19, 2020",340,hby5d4,wallstreetbets,25859,Daily Discussion,1592590499.0,2020-06-19 18:14:59,2,1000
"What Are Your Moves Tomorrow, June 19, 2020",292,hblxhj,wallstreetbets,20835,Daily Discussion,1592539630.0,2020-06-19 04:07:10,0,1000
"Daily Discussion Thread for June 18, 2020",334,hbbw0e,wallstreetbets,24845,Daily Discussion,1592503856.0,2020-06-18 18:10:56,1,1000
"What Are Your Moves Tomorrow, June 18, 2020",411,haz16z,wallstreetbets,23827,Daily Discussion,1592453226.0,2020-06-18 04:07:06,0,1000
"Daily Discussion Thread for June 17, 2020",384,haof9a,wallstreetbets,29685,Daily Discussion,1592417505.0,2020-06-17 18:11:45,0,1000
"What Are Your Moves Tomorrow, June 17, 2020",437,habm91,wallstreetbets,27154,Daily Discussion,1592366810.0,2020-06-17 04:06:50,0,1000
"Daily Discussion Thread for June 16, 2020",438,ha16p4,wallstreetbets,35740,Daily Discussion,1592331149.0,2020-06-16 18:12:29,1,1000
"What Are Your Moves Tomorrow, June 16, 2020",400,h9nsx3,wallstreetbets,27020,Daily Discussion,1592280475.0,2020-06-16 04:07:55,1,1000
"Daily Discussion Thread for June 15, 2020",469,h9dhxy,wallstreetbets,35165,Daily Discussion,1592244963.0,2020-06-15 18:16:03,0,1000
"What Are Your Moves Tomorrow, June 15, 2020",602,h90pkl,wallstreetbets,32955,Daily Discussion,1592194030.0,2020-06-15 04:07:10,0,1000
"Daily Discussion Thread for June 12, 2020",427,h7i2lz,wallstreetbets,38205,Daily Discussion,1591985723.0,2020-06-12 18:15:23,1,1000
"What Are Your Moves Tomorrow, June 12, 2020",547,h16wnv,wallstreetbets,31343,Daily Discussion,1591934821.0,2020-06-12 04:07:01,2,1000
"Daily Discussion Thread for June 11, 2020",594,h0whtp,wallstreetbets,47334,Daily Discussion,1591899058.0,2020-06-11 18:10:58,1,1000
"What Are Your Moves Tomorrow, June 11, 2020",497,h0iz8p,wallstreetbets,31881,Daily Discussion,1591848402.0,2020-06-11 04:06:42,1,1000
"Daily Discussion Thread for June 10, 2020",533,h07z0d,wallstreetbets,41265,Daily Discussion,1591812711.0,2020-06-10 18:11:51,3,1000
"What Are Your Moves Tomorrow, June 10, 2020",535,gzuxmi,wallstreetbets,28260,Daily Discussion,1591761984.0,2020-06-10 04:06:24,20,1000
"Daily Discussion Thread for June 09, 2020",499,gzkapz,wallstreetbets,36962,Daily Discussion,1591726373.0,2020-06-09 18:12:53,13,1000
"What Are Your Moves Tomorrow, June 09, 2020",600,gz6uth,wallstreetbets,33285,Daily Discussion,1591675640.0,2020-06-09 04:07:20,2,1000
"Daily Discussion Thread for June 08, 2020",441,gywpuw,wallstreetbets,32902,Daily Discussion,1591640224.0,2020-06-08 18:17:04,4,1000
"What Are Your Moves Tomorrow, June 08, 2020",521,gyjdo6,wallstreetbets,20981,Daily Discussion,1591589233.0,2020-06-08 04:07:13,1,1000
"Daily Discussion Thread for June 05, 2020",467,gx1vt8,wallstreetbets,34186,Daily Discussion,1591380908.0,2020-06-05 18:15:08,0,1000
"What Are Your Moves Tomorrow, June 05, 2020",360,gwp2j2,wallstreetbets,20946,Daily Discussion,1591330022.0,2020-06-05 04:07:02,1,1000
"Daily Discussion Thread for June 04, 2020",438,gwenjo,wallstreetbets,27508,Daily Discussion,1591294269.0,2020-06-04 18:11:09,0,1000
"What Are Your Moves Tomorrow, June 04, 2020",346,gw1ihx,wallstreetbets,19222,Daily Discussion,1591243610.0,2020-06-04 04:06:50,0,1000
"Daily Discussion Thread for June 03, 2020",296,gvr9zj,wallstreetbets,26000,Daily Discussion,1591207944.0,2020-06-03 18:12:24,0,1000
"What Are Your Moves Tomorrow, June 03, 2020",255,gveovr,wallstreetbets,19566,Daily Discussion,1591157173.0,2020-06-03 04:06:13,0,1000
"Daily Discussion Thread for June 02, 2020",257,gv4nuh,wallstreetbets,23568,Daily Discussion,1591121552.0,2020-06-02 18:12:32,0,1000
"What Are Your Moves Tomorrow, June 02, 2020",285,gurxgt,wallstreetbets,21191,Daily Discussion,1591070907.0,2020-06-02 04:08:27,0,1000
"Daily Discussion Thread for June 1, 2020",181,guoxyq,wallstreetbets,6287,Daily Discussion,1591061671.0,2020-06-02 01:34:31,0,1000
"What Are Your Moves Tomorrow, June 01, 2020",408,gu5xww,wallstreetbets,34114,Daily Discussion,1590984446.0,2020-06-01 04:07:26,3,1000
"Daily Discussion Thread for May 29, 2020",256,gsq9va,wallstreetbets,26469,Daily Discussion,1590776127.0,2020-05-29 18:15:27,0,1000
"What Are Your Moves Tomorrow, May 29, 2020",304,gsdpeo,wallstreetbets,21664,Daily Discussion,1590725220.0,2020-05-29 04:07:00,0,1000
"Daily Discussion Thread for May 28, 2020",275,gs3jqo,wallstreetbets,25211,Daily Discussion,1590689466.0,2020-05-28 18:11:06,1,1000
"What Are Your Moves Tomorrow, May 28, 2020",334,grr84s,wallstreetbets,18538,Daily Discussion,1590638799.0,2020-05-28 04:06:39,1,1000
"Daily Discussion Thread for May 27, 2020",269,grh1fv,wallstreetbets,25445,Daily Discussion,1590603150.0,2020-05-27 18:12:30,0,1000
"What Are Your Moves Tomorrow, May 27, 2020",255,gr4jqs,wallstreetbets,15589,Daily Discussion,1590552389.0,2020-05-27 04:06:29,2,1000
"Daily Discussion Thread for May 26, 2020",292,gqubyt,wallstreetbets,21687,Daily Discussion,1590516743.0,2020-05-26 18:12:23,1,1000
"What Are Your Moves Tomorrow, May 26, 2020",315,gqi8ye,wallstreetbets,15570,Daily Discussion,1590466018.0,2020-05-26 04:06:58,0,1000
"Daily Discussion Thread for May 25, 2020",159,gq8jvr,wallstreetbets,6697,Daily Discussion,1590430626.0,2020-05-25 18:17:06,0,933
"What Are Your Moves Tomorrow, May 25, 2020",194,gpweaj,wallstreetbets,7971,Daily Discussion,1590379641.0,2020-05-25 04:07:21,0,1000
"Daily Discussion Thread for May 22, 2020",247,gogpfy,wallstreetbets,21426,Daily Discussion,1590171332.0,2020-05-22 18:15:32,0,1000
"What Are Your Moves Tomorrow, May 22, 2020",294,go46ep,wallstreetbets,19192,Daily Discussion,1590120423.0,2020-05-22 04:07:03,0,1000
"Daily Discussion Thread for May 21, 2020",320,gnu61u,wallstreetbets,24232,Daily Discussion,1590084655.0,2020-05-21 18:10:55,0,1000
"What Are Your Moves Tomorrow, May 21, 2020",281,gnisnu,wallstreetbets,16818,Daily Discussion,1590034010.0,2020-05-21 04:06:50,1,1000
"Daily Discussion Thread for May 20, 2020",276,gn8r9k,wallstreetbets,25948,Daily Discussion,1589998322.0,2020-05-20 18:12:02,0,1000
"What Are Your Moves Tomorrow, May 20, 2020",314,gmw5gr,wallstreetbets,17728,Daily Discussion,1589947581.0,2020-05-20 04:06:21,0,1000
"Daily Discussion Thread for May 19, 2020",314,gmlsuw,wallstreetbets,25512,Daily Discussion,1589911928.0,2020-05-19 18:12:08,0,1000
"What Are Your Moves Tomorrow, May 19, 2020",327,gm9211,wallstreetbets,17414,Daily Discussion,1589861244.0,2020-05-19 04:07:24,0,1000
"Daily Discussion Thread for May 18, 2020",351,glyucu,wallstreetbets,24587,Daily Discussion,1589825762.0,2020-05-18 18:16:02,0,1000
"What Are Your Moves Tomorrow, May 18, 2020",308,glmbkl,wallstreetbets,15895,Daily Discussion,1589774838.0,2020-05-18 04:07:18,0,1000
"Daily Discussion Thread for May 15, 2020",278,gk6goa,wallstreetbets,23259,Daily Discussion,1589566462.0,2020-05-15 18:14:22,1,1000
"What Are Your Moves Tomorrow, May 15, 2020",304,gjtxjd,wallstreetbets,17111,Daily Discussion,1589515599.0,2020-05-15 04:06:39,0,1000
"Daily Discussion Thread for May 14, 2020",332,gjjjxj,wallstreetbets,25952,Daily Discussion,1589479862.0,2020-05-14 18:11:02,0,1000
"What Are Your Moves Tomorrow, May 14, 2020",372,gj6m1o,wallstreetbets,17804,Daily Discussion,1589429218.0,2020-05-14 04:06:58,1,1000
"Daily Discussion Thread for May 13, 2020",330,giw912,wallstreetbets,28005,Daily Discussion,1589393521.0,2020-05-13 18:12:01,0,1000
"What Are Your Moves Tomorrow, May 13, 2020",348,gij7tq,wallstreetbets,20472,Daily Discussion,1589342788.0,2020-05-13 04:06:28,0,1000
"Daily Discussion Thread for May 12, 2020",316,gi8h6c,wallstreetbets,24467,Daily Discussion,1589307209.0,2020-05-12 18:13:29,0,1000
"What Are Your Moves Tomorrow, May 12, 2020",247,ghvey0,wallstreetbets,16163,Daily Discussion,1589256487.0,2020-05-12 04:08:07,0,1000
"Daily Discussion Thread for May 11, 2020",268,ghkxmf,wallstreetbets,20036,Daily Discussion,1589220986.0,2020-05-11 18:16:26,0,1000
"What Are Your Moves Tomorrow, May 11, 2020",294,gh8iga,wallstreetbets,14092,Daily Discussion,1589170105.0,2020-05-11 04:08:25,1,1000
"Daily Discussion Thread for May 08, 2020",259,gfqjq5,wallstreetbets,21936,Daily Discussion,1588961684.0,2020-05-08 18:14:44,1,1000
"What Are Your Moves Tomorrow, May 08, 2020",263,gfe3sr,wallstreetbets,18137,Daily Discussion,1588910857.0,2020-05-08 04:07:37,0,1000
"Daily Discussion Thread for May 07, 2020",251,gf3vim,wallstreetbets,23308,Daily Discussion,1588875091.0,2020-05-07 18:11:31,3,1000
"What Are Your Moves Tomorrow, May 07, 2020",262,gevdqf,wallstreetbets,9591,Daily Discussion,1588837251.0,2020-05-07 07:40:51,0,1000
"Daily Discussion Thread for May 06, 2020",305,gehav8,wallstreetbets,27834,Daily Discussion,1588788818.0,2020-05-06 18:13:38,1,1000
"What Are Your Moves Tomorrow, May 06, 2020",334,ge50yl,wallstreetbets,16069,Daily Discussion,1588738064.0,2020-05-06 04:07:44,0,1000
"Daily Discussion Thread for May 05, 2020",277,gdv4qs,wallstreetbets,24313,Daily Discussion,1588702392.0,2020-05-05 18:13:12,1,1000
"What Are Your Moves Tomorrow, May 05, 2020",300,gdj2dv,wallstreetbets,15863,Daily Discussion,1588651730.0,2020-05-05 04:08:50,1,1000
"Daily Discussion Thread for May 04, 2020",305,gd8zpy,wallstreetbets,19247,Daily Discussion,1588616179.0,2020-05-04 18:16:19,1,1000
"What Are Your Moves Tomorrow, May 04, 2020",450,gcx8rv,wallstreetbets,18641,Daily Discussion,1588565283.0,2020-05-04 04:08:03,0,1000
"What Are Your Moves Tomorrow, May 01, 2020",531,gb36lx,wallstreetbets,45600,Daily Discussion,1588306071.0,2020-05-01 04:07:51,0,1000
"Daily Discussion Thread for April 30, 2020",313,gaszeo,wallstreetbets,25744,Daily Discussion,1588270315.0,2020-04-30 18:11:55,0,1000
"What Are Your Moves Tomorrow, April 30, 2020",345,gagmei,wallstreetbets,19142,Daily Discussion,1588219707.0,2020-04-30 04:08:27,1,1000
"Daily Discussion Thread for April 29, 2020",357,ga6tlc,wallstreetbets,30191,Daily Discussion,1588184006.0,2020-04-29 18:13:26,4,1000
"What Are Your Moves Tomorrow, April 29, 2020",365,g9ui2p,wallstreetbets,17708,Daily Discussion,1588133240.0,2020-04-29 04:07:20,0,1000
"Daily Discussion Thread for April 28, 2020",317,g9kncr,wallstreetbets,25483,Daily Discussion,1588097600.0,2020-04-28 18:13:20,4,1000
"What Are Your Moves Tomorrow, April 28, 2020",315,g98ay4,wallstreetbets,17610,Daily Discussion,1588046881.0,2020-04-28 04:08:01,2,1000
"Daily Discussion Thread for April 27, 2020",323,g8y4jt,wallstreetbets,20486,Daily Discussion,1588011408.0,2020-04-27 18:16:48,1,1000
"What Are Your Moves Tomorrow, April 27, 2020",273,g8lf4f,wallstreetbets,13816,Daily Discussion,1587960487.0,2020-04-27 04:08:07,0,1000
"Daily Discussion Thread for April 24, 2020",244,g75wz3,wallstreetbets,22077,Daily Discussion,1587752153.0,2020-04-24 18:15:53,0,1000
"What Are Your Moves Tomorrow, April 24, 2020",325,g6tuin,wallstreetbets,18604,Daily Discussion,1587701262.0,2020-04-24 04:07:42,1,1000
"Daily Discussion Thread for April 23, 2020",340,g6k3gr,wallstreetbets,27752,Daily Discussion,1587665515.0,2020-04-23 18:11:55,1,1000
"What Are Your Moves Tomorrow, April 23, 2020",387,g68cco,wallstreetbets,19563,Daily Discussion,1587614839.0,2020-04-23 04:07:19,2,1000
"Daily Discussion Thread for April 22, 2020",317,g5yjae,wallstreetbets,26256,Daily Discussion,1587579173.0,2020-04-22 18:12:53,0,1000
"What Are Your Moves Tomorrow, April 22, 2020",442,g5mlg8,wallstreetbets,23357,Daily Discussion,1587528468.0,2020-04-22 04:07:48,2,1000
"Daily Discussion Thread for April 21, 2020",429,g5cllb,wallstreetbets,33640,Daily Discussion,1587492749.0,2020-04-21 18:12:29,0,1000
"What Are Your Moves Tomorrow, April 21, 2020",558,g505w1,wallstreetbets,24809,Daily Discussion,1587442115.0,2020-04-21 04:08:35,1,1000
"Daily Discussion Thread for April 20, 2020",523,g4q8u6,wallstreetbets,27724,Daily Discussion,1587406598.0,2020-04-20 18:16:38,1,1000
"What Are Your Moves Tomorrow, April 20, 2020",448,g4ega7,wallstreetbets,21330,Daily Discussion,1587355714.0,2020-04-20 04:08:34,1,1000
"Daily Discussion Thread for April 17, 2020",411,g2z9p8,wallstreetbets,27279,Daily Discussion,1587147313.0,2020-04-17 18:15:13,2,1000
"What Are Your Moves Tomorrow, April 17, 2020",459,g2mj65,wallstreetbets,30928,Daily Discussion,1587096462.0,2020-04-17 04:07:42,1,1000
"Daily Discussion Thread for April 16, 2020",723,g2c9fj,wallstreetbets,26358,Daily Discussion,1587060695.0,2020-04-16 18:11:35,1,1000
"What Are Your Moves Tomorrow, April 16, 2020",554,g21xf4,wallstreetbets,15637,Daily Discussion,1587017322.0,2020-04-16 06:08:42,2,1000
"Daily Discussion Thread - April 15, 2020",733,g1pvny,wallstreetbets,26354,Daily Discussion,1586977543.0,2020-04-15 19:05:43,5,1000
"What Are Your Moves Tomorrow, April 15, 2020",409,g1duq3,wallstreetbets,21125,Daily Discussion,1586927079.0,2020-04-15 05:04:39,12,1000
"Daily Discussion Thread - April 14, 2020",397,g13jnz,wallstreetbets,26783,Daily Discussion,1586891126.0,2020-04-14 19:05:26,30,1000
"What Are Your Moves Tomorrow, April 14, 2020",452,g0rmrr,wallstreetbets,18588,Daily Discussion,1586840756.0,2020-04-14 05:05:56,2,1000
"Daily Discussion Thread - April 13, 2020",452,g0gvfn,wallstreetbets,23276,Daily Discussion,1586804739.0,2020-04-13 19:05:39,11,1000
"What Are Your Moves Tomorrow, April 13, 2020",464,g04s53,wallstreetbets,15294,Daily Discussion,1586754270.0,2020-04-13 05:04:30,1,1000
"Daily Discussion Thread - April 10, 2020",70,fydxnh,wallstreetbets,406,Daily Discussion,1586545560.0,2020-04-10 19:06:00,0,118
"What Are Your Moves Tomorrow, April 10, 2020",300,fy0ne9,wallstreetbets,9893,Daily Discussion,1586495081.0,2020-04-10 05:04:41,1,1000
"Daily Discussion Thread - April 09, 2020",485,fxqidb,wallstreetbets,35138,Daily Discussion,1586459132.0,2020-04-09 19:05:32,3,1000
"What Are Your Moves Tomorrow, April 09, 2020",663,fxev5z,wallstreetbets,15392,Daily Discussion,1586408700.0,2020-04-09 05:05:00,0,1000
"What Are Your Moves Tomorrow, April 08, 2020",192,fwsofr,wallstreetbets,7088,Daily Discussion,1586322287.0,2020-04-08 05:04:47,1,1000
"Daily Discussion Thread - April 07, 2020",362,fwim5b,wallstreetbets,27899,Daily Discussion,1586286330.0,2020-04-07 19:05:30,0,1000
"What Are Your Moves Tomorrow, April 07, 2020",408,fw70j6,wallstreetbets,17357,Daily Discussion,1586235913.0,2020-04-07 05:05:13,1,1000
"Daily Discussion Thread - April 06, 2020",387,fvwu06,wallstreetbets,24415,Daily Discussion,1586199951.0,2020-04-06 19:05:51,0,1000
"What Are Your Moves Tomorrow, April 06, 2020",466,fvlczz,wallstreetbets,19123,Daily Discussion,1586149471.0,2020-04-06 05:04:31,0,1000
"Daily Discussion Thread - April 03, 2020",321,fu6gsh,wallstreetbets,22921,Daily Discussion,1585940763.0,2020-04-03 19:06:03,0,1000
"What Are Your Moves Tomorrow, April 03, 2020",442,ftujl1,wallstreetbets,17016,Daily Discussion,1585890285.0,2020-04-03 05:04:45,0,1000
"Daily Discussion Thread - April 02, 2020",477,ftkgj6,wallstreetbets,29494,Daily Discussion,1585854346.0,2020-04-02 19:05:46,2,1000
"What Are Your Moves Tomorrow, April 02, 2020",509,ft8n7o,wallstreetbets,17926,Daily Discussion,1585803921.0,2020-04-02 05:05:21,0,1000
"Daily Discussion Thread - April 01, 2020",467,fsxqpm,wallstreetbets,26690,Daily Discussion,1585767995.0,2020-04-01 19:06:35,2,1000
"What Are Your Moves Tomorrow, April 01, 2020",436,fslb0c,wallstreetbets,20564,Daily Discussion,1585717491.0,2020-04-01 05:04:51,0,1000
"Daily Discussion Thread - March 31, 2020",378,fsazxh,wallstreetbets,24104,Daily Discussion,1585681539.0,2020-03-31 19:05:39,0,1000
"What Are Your Moves Tomorrow, March 31, 2020",419,frza9w,wallstreetbets,15118,Daily Discussion,1585631255.0,2020-03-31 05:07:35,0,1000
"Daily Discussion Thread - March 30, 2020",410,frorn1,wallstreetbets,26391,Daily Discussion,1585595174.0,2020-03-30 19:06:14,3,1000
"What Are Your Moves Tomorrow, March 30, 2020",543,frdal5,wallstreetbets,17922,Daily Discussion,1585544677.0,2020-03-30 05:04:37,0,1000
"Daily Discussion Thread - March 27, 2020",490,fpv2fn,wallstreetbets,32746,Daily Discussion,1585336017.0,2020-03-27 19:06:57,2,1000
"What Are Your Moves Tomorrow, March 27, 2020",558,fpjn2e,wallstreetbets,25265,Daily Discussion,1585285478.0,2020-03-27 05:04:38,5,1000
"Daily Discussion Thread - March 26, 2020",609,fp9nxr,wallstreetbets,42794,Daily Discussion,1585249555.0,2020-03-26 19:05:55,3,1000
"What Are Your Moves Tomorrow, March 26, 2020",612,foy8gx,wallstreetbets,30569,Daily Discussion,1585199097.0,2020-03-26 05:04:57,0,1000
"Daily Discussion Thread - March 25, 2020",541,foogl4,wallstreetbets,42967,Daily Discussion,1585163170.0,2020-03-25 19:06:10,0,1000
"What Are Your Moves Tomorrow, March 25, 2020",580,fod66b,wallstreetbets,29473,Daily Discussion,1585112706.0,2020-03-25 05:05:06,1,1000
"Daily Discussion Thread - March 24, 2020",600,fo3bjb,wallstreetbets,41394,Daily Discussion,1585076749.0,2020-03-24 19:05:49,1,1000
"What Are Your Moves Tomorrow, March 24, 2020",558,fnrxr7,wallstreetbets,28177,Daily Discussion,1585026303.0,2020-03-24 05:05:03,0,1000
"Daily Discussion Thread - March 23, 2020",590,fni5zy,wallstreetbets,45501,Daily Discussion,1584990365.0,2020-03-23 19:06:05,1,1000
"What Are Your Moves Tomorrow, March 23, 2020",603,fn77mn,wallstreetbets,28703,Daily Discussion,1584939911.0,2020-03-23 05:05:11,1,1000
"Daily Discussion Thread - March 20, 2020",549,flt7ha,wallstreetbets,49293,Daily Discussion,1584731178.0,2020-03-20 19:06:18,1,1000
"What Are Your Moves Tomorrow, March 20, 2020",558,flht30,wallstreetbets,27852,Daily Discussion,1584680680.0,2020-03-20 05:04:40,9,1000
"Daily Discussion Thread - March 19, 2020",646,fl88p7,wallstreetbets,52025,Daily Discussion,1584644732.0,2020-03-19 19:05:32,0,1000
"What Are Your Moves Tomorrow, March 19, 2020",593,fkx5tb,wallstreetbets,31065,Daily Discussion,1584594293.0,2020-03-19 05:04:53,0,1000
"Daily Discussion Thread - March 18, 2020",681,fknsuo,wallstreetbets,58139,Daily Discussion,1584558355.0,2020-03-18 19:05:55,0,1000
"What Are Your Moves Tomorrow, March 18, 2020",652,fkd2px,wallstreetbets,30256,Daily Discussion,1584507879.0,2020-03-18 05:04:39,1,1000
"Daily Discussion Thread - March 17, 2020",664,fk3e9i,wallstreetbets,46065,Daily Discussion,1584471937.0,2020-03-17 19:05:37,0,1000
"What Are Your Moves Tomorrow, March 17, 2020",643,fjse69,wallstreetbets,24705,Daily Discussion,1584421507.0,2020-03-17 05:05:07,0,1000
"Daily Discussion Thread - March 16, 2020",912,fjj89q,wallstreetbets,53626,Daily Discussion,1584385560.0,2020-03-16 19:06:00,1,1000
"What Are Your Moves Tomorrow, March 16, 2020",961,fj8jmg,wallstreetbets,34299,Daily Discussion,1584335071.0,2020-03-16 05:04:31,0,1000
"Daily Discussion Thread - March 13, 2020",553,fhxx4m,wallstreetbets,48066,Daily Discussion,1584126359.0,2020-03-13 19:05:59,1,1000
"What Are Your Moves Tomorrow, March 13, 2020",638,fhnldz,wallstreetbets,33513,Daily Discussion,1584075876.0,2020-03-13 05:04:36,0,1000
"Daily Discussion Thread - March 12, 2020",692,fhelvw,wallstreetbets,49459,Daily Discussion,1584039932.0,2020-03-12 19:05:32,0,1000
"What Are Your Moves Tomorrow, March 12, 2020",623,fh4d2p,wallstreetbets,31877,Daily Discussion,1583989484.0,2020-03-12 05:04:44,0,1000
"Daily Discussion Thread - March 11, 2020",464,fgvdtv,wallstreetbets,34269,Daily Discussion,1583953560.0,2020-03-11 19:06:00,1,1000
"What Are Your Moves Tomorrow, March 11, 2020",420,fgl26z,wallstreetbets,22769,Daily Discussion,1583903087.0,2020-03-11 05:04:47,0,1000
"Daily Discussion Thread - March 10, 2020",448,fgc3hy,wallstreetbets,31422,Daily Discussion,1583867142.0,2020-03-10 19:05:42,1,1000
"What Are Your Moves Tomorrow, March 10, 2020",528,fg1up6,wallstreetbets,21692,Daily Discussion,1583816702.0,2020-03-10 05:05:02,0,1000
"Daily Discussion Thread - March 09, 2020",767,fft0hq,wallstreetbets,32928,Daily Discussion,1583780768.0,2020-03-09 19:06:08,1,1000
"What Are Your Moves Tomorrow, March 09, 2020",481,ffj4oy,wallstreetbets,25206,Daily Discussion,1583730285.0,2020-03-09 05:04:45,1,1000
"Daily Discussion Thread - March 06, 2020",406,febypd,wallstreetbets,29594,Daily Discussion,1583521567.0,2020-03-06 19:06:07,0,1000
"What Are Your Moves Tomorrow, March 06, 2020",312,fe22hg,wallstreetbets,19145,Daily Discussion,1583471076.0,2020-03-06 05:04:36,0,1000
"Daily Discussion Thread - March 05, 2020",390,fdtomr,wallstreetbets,25804,Daily Discussion,1583435131.0,2020-03-05 19:05:31,0,1000
"What Are Your Moves Tomorrow, March 05, 2020",341,fdjqhh,wallstreetbets,14262,Daily Discussion,1583384692.0,2020-03-05 05:04:52,0,1000
"Daily Discussion Thread - March 04, 2020",358,fdbghc,wallstreetbets,23233,Daily Discussion,1583348759.0,2020-03-04 19:05:59,0,1000
"What Are Your Moves Tomorrow, March 04, 2020",461,fd1hnh,wallstreetbets,14405,Daily Discussion,1583298287.0,2020-03-04 05:04:47,0,1000
"Daily Discussion Thread - March 03, 2020",412,fct06c,wallstreetbets,24248,Daily Discussion,1583262339.0,2020-03-03 19:05:39,1,1000
"What Are Your Moves Tomorrow, March 03, 2020",381,fciyy3,wallstreetbets,14204,Daily Discussion,1583211902.0,2020-03-03 05:05:02,0,1000
"Daily Discussion Thread - March 02, 2020",450,fcaiav,wallstreetbets,23700,Daily Discussion,1583175962.0,2020-03-02 19:06:02,0,1000
"What Are Your Moves Tomorrow, March 02, 2020",437,fc0mpi,wallstreetbets,16774,Daily Discussion,1583125491.0,2020-03-02 05:04:51,0,1000
"Daily Discussion Thread - February 28, 2020",383,fat4io,wallstreetbets,34226,Daily Discussion,1582916757.0,2020-02-28 19:05:57,0,1000
"What Are Your Moves Tomorrow, February 28, 2020",507,faixcx,wallstreetbets,25956,Daily Discussion,1582866281.0,2020-02-28 05:04:41,0,1000
"Daily Discussion Thread - February 27, 2020",336,faahp8,wallstreetbets,29659,Daily Discussion,1582830331.0,2020-02-27 19:05:31,1,1000
"What Are Your Moves Tomorrow, February 27, 2020",357,fa08kj,wallstreetbets,20252,Daily Discussion,1582779901.0,2020-02-27 05:05:01,3,1000
"Daily Discussion Thread - February 26, 2020",268,f9rm6p,wallstreetbets,19483,Daily Discussion,1582743940.0,2020-02-26 19:05:40,0,1000
"What Are Your Moves Tomorrow, February 26, 2020",248,f9h6jj,wallstreetbets,15057,Daily Discussion,1582693483.0,2020-02-26 05:04:43,1,1000
"Daily Discussion Thread - February 25, 2020",278,f98o73,wallstreetbets,19466,Daily Discussion,1582657537.0,2020-02-25 19:05:37,0,1000
"What Are Your Moves Tomorrow, February 25, 2020",277,f8y539,wallstreetbets,11165,Daily Discussion,1582607095.0,2020-02-25 05:04:55,0,1000
"Daily Discussion Thread - February 24, 2020",321,f8pouu,wallstreetbets,17602,Daily Discussion,1582571152.0,2020-02-24 19:05:52,0,1000
"What Are Your Moves Tomorrow, February 24, 2020",218,f8fuqb,wallstreetbets,11179,Daily Discussion,1582520669.0,2020-02-24 05:04:29,0,1000
"Daily Discussion Thread - February 21, 2020",216,f79ki8,wallstreetbets,15158,Daily Discussion,1582311944.0,2020-02-21 19:05:44,1,1000
"What Are Your Moves Tomorrow, February 21, 2020",322,f6zq47,wallstreetbets,12023,Daily Discussion,1582261486.0,2020-02-21 05:04:46,0,1000
"Daily Discussion Thread - February 20, 2020",266,f6riyt,wallstreetbets,19069,Daily Discussion,1582225542.0,2020-02-20 19:05:42,0,1000
"What Are Your Moves Tomorrow, February 20, 2020",264,f6hd6q,wallstreetbets,11198,Daily Discussion,1582175090.0,2020-02-20 05:04:50,1,1000
"Daily Discussion Thread - February 19, 2020",201,f69d94,wallstreetbets,13299,Daily Discussion,1582139132.0,2020-02-19 19:05:32,0,1000
"What Are Your Moves Tomorrow, February 19, 2020",242,f5yqz8,wallstreetbets,8692,Daily Discussion,1582088681.0,2020-02-19 05:04:41,1,1000
"Daily Discussion Thread - February 18, 2020",214,f5q5s2,wallstreetbets,13990,Daily Discussion,1582052731.0,2020-02-18 19:05:31,1,1000
"What Are Your Moves Tomorrow, February 18",213,f5fnmd,wallstreetbets,6837,Daily Discussion,1582002303.0,2020-02-18 05:05:03,0,1000
"Daily Discussion Thread - February 17, 2020",75,f577wz,wallstreetbets,3666,Daily Discussion,1581966344.0,2020-02-17 19:05:44,1,589
"What Are Your Moves Tomorrow, February 17",160,f4x7w8,wallstreetbets,3566,Daily Discussion,1581915870.0,2020-02-17 05:04:30,0,720
"Daily Discussion Thread - February 14, 2020",134,f3qool,wallstreetbets,10999,Daily Discussion,1581707137.0,2020-02-14 19:05:37,0,1000
"What Are Your Moves Tomorrow, February 14",184,f3guwk,wallstreetbets,7208,Daily Discussion,1581656692.0,2020-02-14 05:04:52,0,1000
"Daily Discussion Thread - February 13, 2020",157,f38dq2,wallstreetbets,13137,Daily Discussion,1581620724.0,2020-02-13 19:05:24,0,1000
"What Are Your Moves Tomorrow, February 13",258,f2y2vz,wallstreetbets,8850,Daily Discussion,1581570282.0,2020-02-13 05:04:42,0,1000
"Daily Discussion Thread - February 12, 2020",170,f2plur,wallstreetbets,13270,Daily Discussion,1581534330.0,2020-02-12 19:05:30,0,1000
"What Are Your Moves Tomorrow, February 12",178,f2f0ag,wallstreetbets,9507,Daily Discussion,1581483883.0,2020-02-12 05:04:43,0,1000
"Daily Discussion Thread - February 11, 2020",188,f26vnw,wallstreetbets,15236,Daily Discussion,1581447932.0,2020-02-11 19:05:32,0,1000
"What Are Your Moves Tomorrow, February 11",314,f1ww8t,wallstreetbets,10133,Daily Discussion,1581397495.0,2020-02-11 05:04:55,0,1000
"Daily Discussion Thread - February 10, 2020",173,f1osqm,wallstreetbets,11509,Daily Discussion,1581361546.0,2020-02-10 19:05:46,0,1000
"What Are Your Moves Tomorrow, February 10",181,f1f2zc,wallstreetbets,7742,Daily Discussion,1581311080.0,2020-02-10 05:04:40,0,1000
"Daily Discussion Thread - February 07, 2020",188,f0902f,wallstreetbets,11400,Daily Discussion,1581102338.0,2020-02-07 19:05:38,0,1000
"What Are Your Moves Tomorrow, February 07",172,ezz2eu,wallstreetbets,8861,Daily Discussion,1581051877.0,2020-02-07 05:04:37,0,1000
"Daily Discussion Thread - February 06, 2020",164,ezqu6w,wallstreetbets,12292,Daily Discussion,1581015924.0,2020-02-06 19:05:24,0,1000
"What Are Your Moves Tomorrow, February 06",180,ezgfp6,wallstreetbets,9727,Daily Discussion,1580965500.0,2020-02-06 05:05:00,0,1000
"Daily Discussion Thread - February 05, 2020",211,ez7z3h,wallstreetbets,15442,Daily Discussion,1580929533.0,2020-02-05 19:05:33,1,1000
"What Are Your Moves Tomorrow, February 05",219,eyx22e,wallstreetbets,13619,Daily Discussion,1580879084.0,2020-02-05 05:04:44,0,1000
"Daily Discussion Thread - February 04, 2020",186,eyoh7t,wallstreetbets,17489,Daily Discussion,1580843138.0,2020-02-04 19:05:38,0,1000
"What Are Your Moves Tomorrow, February 04",147,eydxpn,wallstreetbets,9216,Daily Discussion,1580792708.0,2020-02-04 05:05:08,1,1000
"Daily Discussion Thread - February 03, 2020",133,ey5kjc,wallstreetbets,11229,Daily Discussion,1580756747.0,2020-02-03 19:05:47,0,1000
"What Are Your Moves Tomorrow, February 03",134,exv6ne,wallstreetbets,8947,Daily Discussion,1580706271.0,2020-02-03 05:04:31,0,1000
"Daily Discussion Thread - January 31, 2020",112,ewmvzu,wallstreetbets,11375,Daily Discussion,1580497530.0,2020-01-31 19:05:30,1,1000
"What Are Your Moves Tomorrow, January 31",89,ewc9hj,wallstreetbets,8090,Daily Discussion,1580447074.0,2020-01-31 05:04:34,0,1000
"Daily Discussion Thread - January 30, 2020",118,ew3qro,wallstreetbets,12581,Daily Discussion,1580411137.0,2020-01-30 19:05:37,0,1000
"What Are Your Moves Tomorrow, January 30",146,evt97l,wallstreetbets,9274,Daily Discussion,1580360683.0,2020-01-30 05:04:43,0,1000
"Daily Discussion Thread - January 29, 2020",110,evlh1t,wallstreetbets,9816,Daily Discussion,1580324740.0,2020-01-29 19:05:40,1,1000
"What Are Your Moves Tomorrow, January 29",156,evbl8h,wallstreetbets,7728,Daily Discussion,1580274287.0,2020-01-29 05:04:47,0,1000
"Daily Discussion Thread - January 28, 2020",123,ev46l5,wallstreetbets,8774,Daily Discussion,1580238329.0,2020-01-28 19:05:29,3,1000
"What Are Your Moves Tomorrow, January 28",139,euueg4,wallstreetbets,6978,Daily Discussion,1580187905.0,2020-01-28 05:05:05,1,1000
"Daily Discussion Thread - January 27, 2020",148,eumj9a,wallstreetbets,10355,Daily Discussion,1580151940.0,2020-01-27 19:05:40,0,1000
"What Are Your Moves Tomorrow, January 27",105,eucwgc,wallstreetbets,6419,Daily Discussion,1580101473.0,2020-01-27 05:04:33,1,1000
"Daily Discussion Thread - January 24, 2020",134,et8xus,wallstreetbets,10748,Daily Discussion,1579892744.0,2020-01-24 19:05:44,0,1000
"What Are Your Moves Tomorrow, January 24",84,eszf19,wallstreetbets,6149,Daily Discussion,1579842275.0,2020-01-24 05:04:35,3,926
"Daily Discussion Thread - January 23, 2020",128,esrlmx,wallstreetbets,8676,Daily Discussion,1579806323.0,2020-01-23 19:05:23,0,1000
"What Are Your Moves Tomorrow, January 23",92,esi6o2,wallstreetbets,5785,Daily Discussion,1579755883.0,2020-01-23 05:04:43,0,1000
"Daily Discussion Thread - January 22, 2020",97,esaggt,wallstreetbets,8137,Daily Discussion,1579719931.0,2020-01-22 19:05:31,1,1000
"What Are Your Moves Tomorrow, January 22",125,es115d,wallstreetbets,5356,Daily Discussion,1579669481.0,2020-01-22 05:04:41,0,991
"Daily Discussion Thread - January 21, 2020",97,ert4bk,wallstreetbets,7750,Daily Discussion,1579633525.0,2020-01-21 19:05:25,0,1000
"What Are Your Moves Tomorrow, January 21",129,erjns6,wallstreetbets,4014,Daily Discussion,1579583102.0,2020-01-21 05:05:02,0,912
"Daily Discussion Thread - January 20, 2020",54,erbv24,wallstreetbets,1618,Daily Discussion,1579547139.0,2020-01-20 19:05:39,0,404
"What Are Your Moves Tomorrow, January 20",69,er29nh,wallstreetbets,2241,Daily Discussion,1579496669.0,2020-01-20 05:04:29,2,511
"Daily Discussion Thread - January 17, 2020",92,epyz0g,wallstreetbets,5877,Daily Discussion,1579287929.0,2020-01-17 19:05:29,1,1000
"What Are Your Moves Tomorrow, January 17",74,eppku8,wallstreetbets,4797,Daily Discussion,1579237477.0,2020-01-17 05:04:37,0,869
"Daily Discussion Thread - January 16, 2020",112,ephwka,wallstreetbets,6865,Daily Discussion,1579201529.0,2020-01-16 19:05:29,0,1000
"What Are Your Moves Tomorrow, January 16",100,ep8fb0,wallstreetbets,4284,Daily Discussion,1579151082.0,2020-01-16 05:04:42,1,915
"Daily Discussion Thread - January 15, 2020",153,ep0xus,wallstreetbets,9349,Daily Discussion,1579115138.0,2020-01-15 19:05:38,0,1000
"What Are Your Moves Tomorrow, January 15",204,eorh54,wallstreetbets,5002,Daily Discussion,1579064679.0,2020-01-15 05:04:39,1,978
"Daily Discussion Thread - January 14, 2020",293,eojv73,wallstreetbets,8189,Daily Discussion,1579028725.0,2020-01-14 19:05:25,1,1000
"What Are Your Moves Tomorrow, January 14",74,eoabog,wallstreetbets,4713,Daily Discussion,1578978295.0,2020-01-14 05:04:55,3,985
"Daily Discussion Thread - January 13, 2020",82,eo2pe0,wallstreetbets,6407,Daily Discussion,1578942344.0,2020-01-13 19:05:44,0,1000
"What Are Your Moves Tomorrow, January 13",90,entfci,wallstreetbets,2805,Daily Discussion,1578891869.0,2020-01-13 05:04:29,0,709
"Daily Discussion Thread - January 10, 2020",65,emphz2,wallstreetbets,6072,Daily Discussion,1578683129.0,2020-01-10 19:05:29,0,1000
"What Are Your Moves Tomorrow, January 10",75,emfxec,wallstreetbets,4094,Daily Discussion,1578632679.0,2020-01-10 05:04:39,0,833
"Daily Discussion Thread - January 09, 2020",74,em86ab,wallstreetbets,6890,Daily Discussion,1578596727.0,2020-01-09 19:05:27,0,1000
"What Are Your Moves Tomorrow, January 09",72,elyvd1,wallstreetbets,4095,Daily Discussion,1578546283.0,2020-01-09 05:04:43,0,891
"Daily Discussion Thread - January 08, 2020",91,elrbf1,wallstreetbets,8117,Daily Discussion,1578510338.0,2020-01-08 19:05:38,1,1000
"What Are Your Moves Tomorrow, January 08",131,elhq6i,wallstreetbets,8591,Daily Discussion,1578459883.0,2020-01-08 05:04:43,0,1000
"Daily Discussion Thread - January 07, 2020",76,ela5f8,wallstreetbets,4910,Daily Discussion,1578423947.0,2020-01-07 19:05:47,0,1000
"What Are Your Moves Tomorrow, January 07",75,el0az6,wallstreetbets,3762,Daily Discussion,1578373507.0,2020-01-07 05:05:07,1,891
"Daily Discussion Thread - January 06, 2020",67,eksot6,wallstreetbets,4942,Daily Discussion,1578337539.0,2020-01-06 19:05:39,0,1000
"What Are Your Moves Tomorrow, January 06",214,ekj3ek,wallstreetbets,3192,Daily Discussion,1578287078.0,2020-01-06 05:04:38,1,807
"Daily Discussion Thread - January 03, 2020",91,ejdzm4,wallstreetbets,6144,Daily Discussion,1578078340.0,2020-01-03 19:05:40,0,1000
"What Are Your Moves Tomorrow, January 03",68,ej49t7,wallstreetbets,5547,Daily Discussion,1578027890.0,2020-01-03 05:04:50,0,1000
"Daily Discussion Thread - January 02, 2020",83,eiwx9h,wallstreetbets,5040,Daily Discussion,1577991926.0,2020-01-02 19:05:26,0,1000
"What Are Your Moves Tomorrow, January 02",65,einrlu,wallstreetbets,1656,Daily Discussion,1577941488.0,2020-01-02 05:04:48,0,446
"Daily Discussion Thread - January 01, 2020",36,eih9st,wallstreetbets,643,Daily Discussion,1577905574.0,2020-01-01 19:06:14,0,156
