,title,score,id,subreddit,num_comments,created,datetime
0,"GME Megathread for March 29, 2021",27962,mfoivk,wallstreetbets,26652,1617049816.0,2021-03-29 20:30:16
1,"GME Megathread for March 17, 2021",26959,m6zbhp,wallstreetbets,49305,1616013013.0,2021-03-17 20:30:13
2,"GME Megathread for March 16, 2021",28429,m67ywm,wallstreetbets,52798,1615926620.0,2021-03-16 20:30:20
3,"GME Megathread for March 15, 2021",29404,m5jn1y,wallstreetbets,60363,1615840218.0,2021-03-15 20:30:18
4,"GME Megathread for March 12, 2021",28993,m3hkjf,wallstreetbets,57240,1615584614.0,2021-03-12 21:30:14
5,Tâ€™Was the Night Before Liftoff,6039,m3640n,wallstreetbets,255,1615541014.0,2021-03-12 09:23:34
6,"GME Megathread Part 2 for March 11, 2021",14668,m2uy4f,wallstreetbets,28296,1615510814.0,2021-03-12 01:00:14
7,Explaining it like you're in second grade...,3507,m2ts4q,wallstreetbets,304,1615507876.0,2021-03-12 00:11:16
8,"GME Megathread for March 11, 2021",28396,m2q39b,wallstreetbets,40847,1615498219.0,2021-03-11 21:30:19
9,GME MEGATHREAD PART III,16311,m27zg5,wallstreetbets,19063,1615437867.0,2021-03-11 04:44:27
10,"GME Megathread Part 2 for March 10, 2021",47735,m237es,wallstreetbets,68981,1615426521.0,2021-03-11 01:35:21
11,"GME Megathread for March 10, 2021",48275,m1xhlc,wallstreetbets,91747,1615411811.0,2021-03-10 21:30:11
12,"GME Megathread for March 09, 2021",29962,m16emz,wallstreetbets,70663,1615325412.0,2021-03-09 21:30:12
13,"GME Megathread for March 04, 2021",24565,lxkint,wallstreetbets,43867,1614893421.0,2021-03-04 21:30:21
14,"Fuck it, Heres your daily GME Thread-Megathread 3/2/21",33078,lw4qgi,wallstreetbets,31524,1614728170.0,2021-03-02 23:36:10
15,"GME Megathread Part 2 for Friday, February 26th, 2021",12834,lt2ay0,wallstreetbets,56706,1614388096.0,2021-02-27 01:08:16
16,"GME Megathread for Friday, February 26th, 2021",20053,lsvmfs,wallstreetbets,58984,1614366882.0,2021-02-26 19:14:42
17,"GME Megathread Part 2 for Thursday, February 25th, 2021",26786,lsc5ji,wallstreetbets,72871,1614303631.0,2021-02-26 01:40:31
18,"GME Megathread for Thursday February 25th, 2021",32069,ls63oa,wallstreetbets,74829,1614286959.0,2021-02-25 21:02:39
19,"GME Megathread for Wednesday, February 24th, 2021",30214,lre2k6,wallstreetbets,87365,1614205498.0,2021-02-24 22:24:58
20,"GME Safe Space Megathread for February 23rd, 2021",25208,lqj165,wallstreetbets,15979,1614117606.0,2021-02-23 22:00:06
21,"Prayer Thread ğŸ™ for Tuesday, February 23rd, 2021",4211,lqhrqq,wallstreetbets,4272,1614113662.0,2021-02-23 20:54:22
22,"GME Megathread for Monday, February 22nd, 2021",14807,lpl1je,wallstreetbets,26020,1614019325.0,2021-02-22 18:42:05
23,Congressional hearings / DFV / GME / etc megathread,12723,lm7n51,wallstreetbets,74152,1613632731.0,2021-02-18 07:18:51
24,GME 2/11,8941,lhk9iv,wallstreetbets,12342,1613077539.0,2021-02-11 21:05:39
25,Wallstreetbets State of the Subreddit,18663,lhal3x,wallstreetbets,2507,1613038968.0,2021-02-11 10:22:48
26,Can we just have a GME BB AMC megathread,1335,lfv6li,wallstreetbets,307,1612875977.0,2021-02-09 13:06:17
27,GME super awesome megathread weds 2/3,24259,lbm3vr,wallstreetbets,61268,1612382638.0,2021-02-03 20:03:58
28,GME overnight Pajama party megathread 9000,25715,lb7rg4,wallstreetbets,23827,1612331836.0,2021-02-03 05:57:16
29,"Daily Discussion Thread for February 02, 2021: Part 2",8617,layuxv,wallstreetbets,75551,1612310181.0,2021-02-02 23:56:21
30,SCAM/FRAUD MEGATHREAD,886,la6py4,wallstreetbets,243,1612224635.0,2021-02-02 00:10:35
31,"BANG (BB, AMC, NOK, GME) Donation Megathread",3668,l9i61h,wallstreetbets,314,1612145813.0,2021-02-01 02:16:53
32,GME Afternoon Pajama Party Megathread,19729,l81n15,wallstreetbets,60071,1611977296.0,2021-01-30 03:28:16
33,GME What About Second Breakfast Club Megathread,31363,l7v9o8,wallstreetbets,74893,1611962764.0,2021-01-29 23:26:04
34,GME Breakfast Club Megathread,30647,l7s631,wallstreetbets,79917,1611954687.0,2021-01-29 21:11:27
35,GME Morning Rally Call Megathread,706,l7s38d,wallstreetbets,141,1611954451.0,2021-01-29 21:07:31
36,GME Overnight Pajama Party Megathread,85453,l7iorh,wallstreetbets,80410,1611921942.0,2021-01-29 12:05:42
37,GME Megathread Pt. II - 1/28/2021,881,l78xr0,wallstreetbets,1935,1611896992.0,2021-01-29 05:09:52
38,"GME Megathread IV for January 28th, 2021",9890,l74zgc,wallstreetbets,34721,1611888468.0,2021-01-29 02:47:48
39,GME Megathread,64152,l71c4z,wallstreetbets,68491,1611880037.0,2021-01-29 00:27:17
40,GME Megathread Part 2,14246,l4syrd,wallstreetbets,86742,1611625299.0,2021-01-26 01:41:39
41,GME Megathread - Lemon Party 2: Electric Boogaloo,9070,l1xtan,wallstreetbets,51385,1611262143.0,2021-01-21 20:49:03
42,GME Megathread - Lemon Party (keep your shitposting here),11864,l19k9r,wallstreetbets,34624,1611179533.0,2021-01-20 21:52:13
43,ğŸš€ GME Q1 Earnings Megathread - The Morning After ğŸ’ğŸ™ŒğŸš€,2516,nwjw4u,wallstreetbets,4166,1623348249.0,2021-06-10 18:04:09
44,"What Are Your Moves Tomorrow, June 10, 2021",1842,nw4vdx,wallstreetbets,28451,1623297619.0,2021-06-10 04:00:19
45,ğŸš€ GME Q1 Earnings Megathread ğŸ’ğŸ™Œ ğŸš€,16836,nvs3c6,wallstreetbets,12460,1623261619.0,2021-06-09 18:00:19
46,We Need Separate Daily Megathreads For GME / AMC / BB / CLOV,9512,nv3ib3,wallstreetbets,1610,1623186087.0,2021-06-08 21:01:27
47,"GME Megathread for April 16, 2021",23226,ms17e4,wallstreetbets,26484,1618601416.0,2021-04-16 19:30:16
48,"GME Megathread for April 15, 2021",22971,mrcp5k,wallstreetbets,25818,1618515015.0,2021-04-15 19:30:15
49,"GME Megathread for April 14, 2021",26500,mqolln,wallstreetbets,36208,1618428613.0,2021-04-14 19:30:13
50,"GME Megathread for April 09, 2021",20131,mnf6e4,wallstreetbets,28280,1617996614.0,2021-04-09 19:30:14
51,"GME Megathread for April 08, 2021",19387,mmpqrw,wallstreetbets,26200,1617910212.0,2021-04-08 19:30:12
52,"GME Megathread for April 07, 2021",21152,mlzzpw,wallstreetbets,19551,1617823810.0,2021-04-07 19:30:10
53,"GME Megathread for April 06, 2021",23012,ml9ho9,wallstreetbets,19209,1617737417.0,2021-04-06 19:30:17
54,"GME Megathread for April 05, 2021",18596,mkih9q,wallstreetbets,23082,1617651015.0,2021-04-05 19:30:15
55,"GME Megathread for April 01, 2021",21552,mhu8tg,wallstreetbets,22143,1617309016.0,2021-04-01 20:30:16
56,"GME Megathread for April 1, 2021",6954,mhrkna,wallstreetbets,2143,1617297998.0,2021-04-01 17:26:38
57,"GME Megathread for March 31, 2021",25588,mh524f,wallstreetbets,24198,1617222618.0,2021-03-31 20:30:18
58,"GME Megathread for March 30, 2021",28203,mgewny,wallstreetbets,34342,1617136214.0,2021-03-30 20:30:14
